,V,J,Pe,Ct,Cp,PWR,Torque,Thrust,PWR.1,Torque.1,Thrust.1,THR/PWR,Mach,Reyn,RPM
0,(mph),(Adv_Ratio),-,-,-,(Hp),(In-Lbf),(Lbf),(W),(N-m),(N),(g/W),-,-,RPM
1,0.0,0.00,0.0000,0.1951,0.1017,0.000,0.004,0.008,0.047,0.000,0.036,77.037,0.02,4656.,1000
2,0.2,0.03,0.0585,0.1923,0.1029,0.000,0.004,0.008,0.048,0.000,0.035,74.994,0.02,4656.,1000
3,0.4,0.06,0.1138,0.1892,0.1041,0.000,0.004,0.008,0.049,0.000,0.035,72.981,0.02,4657.,1000
4,0.5,0.09,0.1661,0.1858,0.1050,0.000,0.004,0.008,0.049,0.000,0.034,71.003,0.02,4659.,1000
5,0.7,0.13,0.2154,0.1821,0.1058,0.000,0.004,0.008,0.049,0.000,0.033,69.056,0.02,4662.,1000
6,0.9,0.16,0.2618,0.1780,0.1064,0.000,0.004,0.007,0.050,0.000,0.033,67.131,0.02,4666.,1000
7,1.1,0.19,0.3052,0.1736,0.1069,0.000,0.004,0.007,0.050,0.000,0.032,65.216,0.02,4670.,1000
8,1.2,0.22,0.3456,0.1689,0.1071,0.000,0.004,0.007,0.050,0.000,0.031,63.307,0.02,4676.,1000
9,1.4,0.25,0.3832,0.1638,0.1070,0.000,0.004,0.007,0.050,0.000,0.030,61.418,0.02,4682.,1000
10,1.6,0.28,0.4181,0.1582,0.1066,0.000,0.004,0.007,0.050,0.000,0.029,59.564,0.02,4689.,1000
11,1.8,0.31,0.4503,0.1519,0.1056,0.000,0.004,0.006,0.049,0.000,0.028,57.737,0.02,4697.,1000
12,2.0,0.34,0.4798,0.1453,0.1043,0.000,0.004,0.006,0.049,0.000,0.027,55.926,0.02,4705.,1000
13,2.1,0.38,0.5066,0.1386,0.1028,0.000,0.004,0.006,0.048,0.000,0.025,54.123,0.02,4714.,1000
14,2.3,0.41,0.5306,0.1317,0.1010,0.000,0.004,0.005,0.047,0.000,0.024,52.325,0.02,4725.,1000
15,2.5,0.44,0.5520,0.1245,0.0989,0.000,0.004,0.005,0.046,0.000,0.023,50.548,0.02,4736.,1000
16,2.7,0.47,0.5723,0.1172,0.0962,0.000,0.004,0.005,0.045,0.000,0.022,48.915,0.02,4747.,1000
17,2.8,0.50,0.5913,0.1096,0.0929,0.000,0.004,0.005,0.043,0.000,0.020,47.383,0.02,4760.,1000
18,3.0,0.53,0.6077,0.1019,0.0893,0.000,0.004,0.004,0.042,0.000,0.019,45.832,0.02,4773.,1000
19,3.2,0.56,0.6212,0.0940,0.0853,0.000,0.003,0.004,0.040,0.000,0.017,44.248,0.02,4787.,1000
20,3.4,0.59,0.6316,0.0859,0.0809,0.000,0.003,0.004,0.038,0.000,0.016,42.616,0.02,4802.,1000
21,3.6,0.63,0.6383,0.0776,0.0762,0.000,0.003,0.003,0.036,0.000,0.014,40.915,0.02,4817.,1000
22,3.7,0.66,0.6410,0.0695,0.0713,0.000,0.003,0.003,0.033,0.000,0.013,39.133,0.02,4834.,1000
23,3.9,0.69,0.6392,0.0614,0.0662,0.000,0.003,0.003,0.031,0.000,0.011,37.250,0.02,4851.,1000
24,4.1,0.72,0.6312,0.0532,0.0607,0.000,0.002,0.002,0.028,0.000,0.010,35.187,0.02,4868.,1000
25,4.3,0.75,0.6143,0.0448,0.0548,0.000,0.002,0.002,0.026,0.000,0.008,32.818,0.02,4887.,1000
26,4.4,0.78,0.5834,0.0362,0.0485,0.000,0.002,0.001,0.023,0.000,0.007,29.917,0.02,4906.,1000
27,4.6,0.81,0.5313,0.0274,0.0419,0.000,0.002,0.001,0.020,0.000,0.005,26.197,0.02,4926.,1000
28,4.8,0.85,0.4445,0.0184,0.0350,0.000,0.001,0.001,0.016,0.000,0.003,21.106,0.02,4946.,1000
29,5.0,0.88,0.2926,0.0092,0.0277,0.000,0.001,0.000,0.013,0.000,0.002,13.399,0.02,4967.,1000
30,5.2,0.91,-0.0022,0.0000,0.0200,0.000,0.001,0.000,0.009,0.000,0.000,-0.099,0.02,4989.,1000
31,0.0,0.00,0.0000,0.1953,0.1018,0.001,0.016,0.032,0.380,0.002,0.143,38.521,0.05,9311.,2000
32,0.4,0.03,0.0581,0.1926,0.1031,0.001,0.016,0.032,0.385,0.002,0.141,37.500,0.05,9312.,2000
33,0.7,0.06,0.1131,0.1896,0.1043,0.001,0.016,0.031,0.389,0.002,0.139,36.494,0.05,9314.,2000
34,1.1,0.09,0.1651,0.1863,0.1053,0.001,0.017,0.031,0.393,0.002,0.137,35.506,0.05,9319.,2000
35,1.4,0.12,0.2141,0.1827,0.1062,0.001,0.017,0.030,0.396,0.002,0.134,34.534,0.05,9324.,2000
36,1.8,0.16,0.2602,0.1787,0.1068,0.001,0.017,0.030,0.399,0.002,0.131,33.574,0.05,9332.,2000
37,2.1,0.19,0.3033,0.1744,0.1073,0.001,0.017,0.029,0.401,0.002,0.128,32.620,0.05,9340.,2000
38,2.5,0.22,0.3436,0.1698,0.1076,0.001,0.017,0.028,0.402,0.002,0.125,31.670,0.05,9351.,2000
39,2.8,0.25,0.3810,0.1648,0.1077,0.001,0.017,0.027,0.402,0.002,0.121,30.729,0.05,9363.,2000
40,3.2,0.28,0.4157,0.1594,0.1073,0.001,0.017,0.026,0.401,0.002,0.117,29.806,0.05,9377.,2000
41,3.5,0.31,0.4477,0.1535,0.1067,0.001,0.017,0.025,0.398,0.002,0.113,28.887,0.05,9392.,2000
42,3.9,0.34,0.4770,0.1473,0.1056,0.001,0.017,0.024,0.394,0.002,0.108,27.984,0.05,9409.,2000
43,4.2,0.37,0.5037,0.1408,0.1044,0.001,0.016,0.023,0.389,0.002,0.103,27.087,0.05,9427.,2000
44,4.6,0.40,0.5277,0.1342,0.1028,0.001,0.016,0.022,0.384,0.002,0.099,26.196,0.05,9447.,2000
45,4.9,0.44,0.5495,0.1274,0.1009,0.001,0.016,0.021,0.377,0.002,0.094,25.326,0.05,9469.,2000
46,5.3,0.47,0.5700,0.1202,0.0984,0.000,0.016,0.020,0.367,0.002,0.088,24.523,0.05,9492.,2000
47,5.7,0.50,0.5894,0.1129,0.0954,0.000,0.015,0.019,0.356,0.002,0.083,23.769,0.05,9517.,2000
48,6.0,0.53,0.6062,0.1055,0.0920,0.000,0.015,0.017,0.343,0.002,0.077,23.010,0.05,9543.,2000
49,6.4,0.56,0.6204,0.0978,0.0883,0.000,0.014,0.016,0.329,0.002,0.072,22.239,0.05,9571.,2000
50,6.7,0.59,0.6316,0.0899,0.0842,0.000,0.013,0.015,0.314,0.001,0.066,21.450,0.05,9600.,2000
51,7.1,0.62,0.6395,0.0819,0.0796,0.000,0.013,0.014,0.297,0.001,0.060,20.634,0.05,9630.,2000
52,7.4,0.65,0.6437,0.0736,0.0747,0.000,0.012,0.012,0.279,0.001,0.054,19.778,0.05,9662.,2000
53,7.8,0.68,0.6431,0.0651,0.0693,0.000,0.011,0.011,0.258,0.001,0.048,18.864,0.05,9696.,2000
54,8.1,0.72,0.6366,0.0564,0.0634,0.000,0.010,0.009,0.237,0.001,0.041,17.861,0.05,9731.,2000
55,8.5,0.75,0.6214,0.0475,0.0571,0.000,0.009,0.008,0.213,0.001,0.035,16.707,0.05,9767.,2000
56,8.8,0.78,0.5924,0.0384,0.0504,0.000,0.008,0.006,0.188,0.001,0.028,15.291,0.05,9805.,2000
57,9.2,0.81,0.5425,0.0291,0.0433,0.000,0.007,0.005,0.162,0.001,0.021,13.465,0.05,9844.,2000
58,9.5,0.84,0.4574,0.0196,0.0359,0.000,0.006,0.003,0.134,0.001,0.014,10.933,0.05,9885.,2000
59,9.9,0.87,0.3051,0.0098,0.0281,0.000,0.004,0.002,0.105,0.001,0.007,7.031,0.05,9927.,2000
60,10.3,0.90,-0.0014,0.0000,0.0200,0.000,0.003,0.000,0.075,0.000,0.000,-0.031,0.05,9970.,2000
61,0.0,0.00,0.0000,0.1951,0.1017,0.002,0.036,0.072,1.280,0.004,0.322,25.684,0.07,13967.,3000
62,0.5,0.03,0.0576,0.1924,0.1029,0.002,0.037,0.071,1.296,0.004,0.318,25.009,0.07,13968.,3000
63,1.1,0.06,0.1121,0.1894,0.1041,0.002,0.037,0.070,1.311,0.004,0.313,24.342,0.07,13972.,3000
64,1.6,0.09,0.1636,0.1861,0.1051,0.002,0.037,0.069,1.324,0.004,0.308,23.683,0.07,13978.,3000
65,2.1,0.12,0.2121,0.1825,0.1060,0.002,0.038,0.068,1.335,0.004,0.302,23.029,0.07,13986.,3000
66,2.6,0.15,0.2576,0.1785,0.1067,0.002,0.038,0.066,1.344,0.004,0.295,22.378,0.07,13997.,3000
67,3.2,0.18,0.3001,0.1742,0.1073,0.002,0.038,0.065,1.351,0.004,0.288,21.729,0.07,14010.,3000
68,3.7,0.22,0.3398,0.1695,0.1076,0.002,0.038,0.063,1.355,0.004,0.280,21.084,0.07,14025.,3000
69,4.2,0.25,0.3767,0.1645,0.1076,0.002,0.038,0.061,1.356,0.004,0.272,20.454,0.07,14043.,3000
70,4.7,0.28,0.4112,0.1592,0.1073,0.002,0.038,0.059,1.352,0.004,0.263,19.849,0.07,14063.,3000
71,5.3,0.31,0.4434,0.1532,0.1065,0.002,0.038,0.057,1.341,0.004,0.253,19.263,0.07,14086.,3000
72,5.8,0.34,0.4731,0.1470,0.1053,0.002,0.037,0.055,1.326,0.004,0.243,18.683,0.07,14111.,3000
73,6.3,0.37,0.5002,0.1406,0.1039,0.002,0.037,0.052,1.309,0.004,0.232,18.107,0.07,14138.,3000
74,6.8,0.40,0.5247,0.1340,0.1023,0.002,0.036,0.050,1.288,0.004,0.221,17.534,0.07,14167.,3000
75,7.4,0.43,0.5469,0.1272,0.1003,0.002,0.036,0.047,1.263,0.004,0.210,16.968,0.07,14199.,3000
76,7.9,0.46,0.5672,0.1201,0.0979,0.002,0.035,0.045,1.232,0.004,0.199,16.427,0.07,14233.,3000
77,8.4,0.49,0.5867,0.1129,0.0948,0.002,0.034,0.042,1.194,0.004,0.187,15.928,0.07,14269.,3000
78,8.9,0.52,0.6037,0.1054,0.0914,0.002,0.032,0.039,1.151,0.004,0.174,15.425,0.07,14308.,3000
79,9.5,0.55,0.6180,0.0977,0.0877,0.001,0.031,0.036,1.105,0.004,0.162,14.914,0.07,14348.,3000
80,10.0,0.59,0.6294,0.0899,0.0836,0.001,0.030,0.033,1.053,0.003,0.149,14.391,0.07,14391.,3000
81,10.5,0.62,0.6376,0.0819,0.0791,0.001,0.028,0.030,0.997,0.003,0.135,13.849,0.07,14436.,3000
82,11.0,0.65,0.6420,0.0736,0.0742,0.001,0.026,0.027,0.934,0.003,0.122,13.280,0.07,14484.,3000
83,11.6,0.68,0.6418,0.0652,0.0688,0.001,0.024,0.024,0.867,0.003,0.108,12.672,0.07,14533.,3000
84,12.1,0.71,0.6356,0.0565,0.0630,0.001,0.022,0.021,0.793,0.003,0.093,12.005,0.07,14585.,3000
85,12.6,0.74,0.6209,0.0476,0.0567,0.001,0.020,0.018,0.714,0.002,0.079,11.239,0.07,14638.,3000
86,13.1,0.77,0.5926,0.0385,0.0500,0.001,0.018,0.014,0.630,0.002,0.064,10.297,0.07,14694.,3000
87,13.7,0.80,0.5431,0.0291,0.0430,0.001,0.015,0.011,0.541,0.002,0.048,9.074,0.07,14752.,3000
88,14.2,0.83,0.4582,0.0196,0.0356,0.001,0.013,0.007,0.448,0.001,0.032,7.372,0.07,14812.,3000
89,14.7,0.86,0.3057,0.0099,0.0278,0.000,0.010,0.004,0.350,0.001,0.016,4.743,0.07,14873.,3000
90,15.2,0.89,-0.0027,-0.0001,0.0198,0.000,0.007,0.000,0.249,0.001,0.000,-0.040,0.07,14937.,3000
91,0.0,0.00,0.0000,0.1952,0.1017,0.004,0.064,0.129,3.037,0.007,0.574,19.261,0.10,18622.,4000
92,0.7,0.03,0.0572,0.1925,0.1030,0.004,0.065,0.127,3.075,0.007,0.566,18.758,0.10,18624.,4000
93,1.4,0.06,0.1115,0.1895,0.1041,0.004,0.066,0.125,3.108,0.007,0.557,18.263,0.10,18629.,4000
94,2.1,0.09,0.1627,0.1862,0.1051,0.004,0.066,0.123,3.138,0.007,0.547,17.773,0.10,18637.,4000
95,2.8,0.12,0.2110,0.1826,0.1060,0.004,0.067,0.121,3.164,0.008,0.536,17.286,0.10,18648.,4000
96,3.5,0.15,0.2564,0.1786,0.1067,0.004,0.067,0.118,3.186,0.008,0.525,16.801,0.10,18662.,4000
97,4.2,0.18,0.2988,0.1743,0.1072,0.004,0.068,0.115,3.200,0.008,0.512,16.319,0.10,18679.,4000
98,4.9,0.21,0.3384,0.1696,0.1075,0.004,0.068,0.112,3.209,0.008,0.498,15.839,0.10,18699.,4000
99,5.6,0.25,0.3752,0.1647,0.1076,0.004,0.068,0.109,3.211,0.008,0.484,15.369,0.10,18723.,4000
100,6.3,0.28,0.4098,0.1593,0.1072,0.004,0.068,0.105,3.200,0.008,0.468,14.918,0.10,18750.,4000
101,7.0,0.31,0.4419,0.1534,0.1064,0.004,0.067,0.101,3.175,0.008,0.451,14.479,0.10,18779.,4000
102,7.7,0.34,0.4715,0.1472,0.1051,0.004,0.066,0.097,3.139,0.007,0.432,14.046,0.10,18812.,4000
103,8.4,0.37,0.4986,0.1408,0.1038,0.004,0.065,0.093,3.097,0.007,0.414,13.615,0.10,18848.,4000
104,9.0,0.40,0.5232,0.1341,0.1021,0.004,0.064,0.089,3.048,0.007,0.394,13.187,0.10,18887.,4000
105,9.7,0.43,0.5453,0.1274,0.1002,0.004,0.063,0.084,2.990,0.007,0.374,12.762,0.10,18928.,4000
106,10.4,0.46,0.5656,0.1203,0.0977,0.004,0.062,0.079,2.917,0.007,0.353,12.354,0.10,18973.,4000
107,11.1,0.49,0.5851,0.1130,0.0947,0.004,0.060,0.075,2.826,0.007,0.332,11.981,0.10,19021.,4000
108,11.8,0.52,0.6021,0.1056,0.0913,0.004,0.058,0.070,2.725,0.007,0.310,11.606,0.10,19072.,4000
109,12.5,0.55,0.6166,0.0979,0.0876,0.004,0.055,0.065,2.614,0.006,0.288,11.224,0.10,19126.,4000
110,13.2,0.58,0.6281,0.0901,0.0835,0.003,0.053,0.060,2.492,0.006,0.265,10.833,0.10,19182.,4000
111,13.9,0.61,0.6365,0.0821,0.0790,0.003,0.050,0.054,2.359,0.006,0.241,10.428,0.10,19242.,4000
112,14.6,0.64,0.6411,0.0739,0.0741,0.003,0.047,0.049,2.212,0.005,0.217,10.002,0.10,19304.,4000
113,15.3,0.67,0.6410,0.0654,0.0687,0.003,0.043,0.043,2.052,0.005,0.192,9.547,0.10,19369.,4000
114,16.0,0.70,0.6352,0.0567,0.0629,0.003,0.040,0.037,1.878,0.004,0.167,9.049,0.10,19437.,4000
115,16.7,0.74,0.6210,0.0479,0.0567,0.002,0.036,0.032,1.692,0.004,0.141,8.478,0.10,19508.,4000
116,17.4,0.77,0.5934,0.0388,0.0500,0.002,0.032,0.026,1.493,0.004,0.114,7.777,0.10,19581.,4000
117,18.1,0.80,0.5440,0.0293,0.0430,0.002,0.027,0.019,1.283,0.003,0.086,6.855,0.10,19657.,4000
118,18.8,0.83,0.4591,0.0197,0.0356,0.001,0.022,0.013,1.061,0.003,0.058,5.571,0.10,19736.,4000
119,19.5,0.86,0.3066,0.0099,0.0278,0.001,0.018,0.007,0.830,0.002,0.029,3.588,0.10,19818.,4000
120,20.2,0.89,-0.0015,0.0000,0.0198,0.001,0.013,0.000,0.592,0.001,0.000,-0.017,0.10,19902.,4000
121,0.0,0.00,0.0000,0.1954,0.1018,0.008,0.100,0.202,5.938,0.011,0.897,15.407,0.12,23278.,5000
122,0.9,0.03,0.0571,0.1927,0.1031,0.008,0.102,0.199,6.011,0.011,0.885,15.006,0.12,23280.,5000
123,1.7,0.06,0.1113,0.1897,0.1042,0.008,0.103,0.196,6.077,0.012,0.871,14.610,0.12,23286.,5000
124,2.6,0.09,0.1624,0.1864,0.1052,0.008,0.104,0.192,6.136,0.012,0.856,14.219,0.12,23296.,5000
125,3.5,0.12,0.2106,0.1828,0.1061,0.008,0.105,0.189,6.186,0.012,0.839,13.831,0.12,23309.,5000
126,4.3,0.15,0.2559,0.1788,0.1068,0.008,0.105,0.185,6.226,0.012,0.821,13.444,0.12,23327.,5000
127,5.2,0.18,0.2983,0.1745,0.1073,0.008,0.106,0.180,6.256,0.012,0.801,13.058,0.12,23349.,5000
128,6.1,0.21,0.3378,0.1698,0.1076,0.008,0.106,0.175,6.273,0.012,0.780,12.675,0.12,23374.,5000
129,6.9,0.24,0.3747,0.1648,0.1076,0.008,0.106,0.170,6.274,0.012,0.757,12.300,0.12,23403.,5000
130,7.8,0.28,0.4091,0.1595,0.1073,0.008,0.106,0.165,6.254,0.012,0.732,11.939,0.12,23436.,5000
131,8.7,0.31,0.4413,0.1536,0.1064,0.008,0.105,0.158,6.203,0.012,0.705,11.590,0.12,23473.,5000
132,9.6,0.34,0.4710,0.1473,0.1052,0.008,0.104,0.152,6.132,0.012,0.676,11.245,0.12,23514.,5000
133,10.4,0.37,0.4981,0.1408,0.1037,0.008,0.102,0.145,6.048,0.012,0.647,10.901,0.12,23559.,5000
134,11.3,0.40,0.5227,0.1342,0.1020,0.008,0.101,0.139,5.950,0.011,0.616,10.559,0.12,23607.,5000
135,12.2,0.43,0.5448,0.1274,0.1001,0.008,0.099,0.131,5.836,0.011,0.585,10.220,0.12,23659.,5000
136,13.0,0.46,0.5650,0.1203,0.0977,0.008,0.096,0.124,5.694,0.011,0.552,9.893,0.12,23715.,5000
137,13.9,0.49,0.5845,0.1130,0.0946,0.007,0.093,0.117,5.515,0.011,0.519,9.595,0.12,23774.,5000
138,14.8,0.52,0.6016,0.1056,0.0912,0.007,0.090,0.109,5.317,0.010,0.485,9.295,0.12,23838.,5000
139,15.6,0.55,0.6161,0.0979,0.0874,0.007,0.086,0.101,5.098,0.010,0.449,8.989,0.12,23904.,5000
140,16.5,0.58,0.6277,0.0901,0.0833,0.007,0.082,0.093,4.859,0.009,0.413,8.676,0.12,23975.,5000
141,17.4,0.61,0.6360,0.0820,0.0788,0.006,0.078,0.085,4.597,0.009,0.377,8.352,0.12,24049.,5000
142,18.2,0.64,0.6406,0.0738,0.0739,0.006,0.073,0.076,4.311,0.008,0.339,8.011,0.12,24127.,5000
143,19.1,0.67,0.6405,0.0653,0.0685,0.005,0.068,0.067,3.997,0.008,0.300,7.647,0.12,24208.,5000
144,20.0,0.70,0.6346,0.0566,0.0627,0.005,0.062,0.058,3.657,0.007,0.260,7.247,0.12,24292.,5000
145,20.8,0.73,0.6203,0.0477,0.0565,0.004,0.056,0.049,3.292,0.006,0.219,6.789,0.12,24381.,5000
146,21.7,0.76,0.5929,0.0386,0.0498,0.004,0.049,0.040,2.905,0.006,0.177,6.229,0.12,24472.,5000
147,22.6,0.79,0.5434,0.0293,0.0428,0.003,0.042,0.030,2.496,0.005,0.134,5.489,0.12,24567.,5000
148,23.4,0.83,0.4584,0.0197,0.0354,0.003,0.035,0.020,2.066,0.004,0.090,4.459,0.12,24665.,5000
149,24.3,0.86,0.3060,0.0099,0.0277,0.002,0.027,0.010,1.618,0.003,0.046,2.870,0.12,24767.,5000
150,25.2,0.89,-0.0010,0.0000,0.0198,0.002,0.020,0.000,1.156,0.002,0.000,-0.009,0.12,24871.,5000
151,0.0,0.00,0.0000,0.1956,0.1020,0.014,0.145,0.291,10.275,0.016,1.293,12.837,0.14,27934.,6000
152,1.0,0.03,0.0570,0.1929,0.1032,0.014,0.147,0.287,10.400,0.017,1.275,12.504,0.14,27936.,6000
153,2.1,0.06,0.1111,0.1899,0.1044,0.014,0.148,0.282,10.514,0.017,1.255,12.175,0.14,27943.,6000
154,3.1,0.09,0.1622,0.1866,0.1054,0.014,0.150,0.277,10.615,0.017,1.233,11.849,0.14,27955.,6000
155,4.2,0.12,0.2104,0.1830,0.1062,0.014,0.151,0.272,10.701,0.017,1.210,11.526,0.14,27971.,6000
156,5.2,0.15,0.2556,0.1790,0.1069,0.014,0.152,0.266,10.771,0.017,1.183,11.203,0.14,27992.,6000
157,6.2,0.18,0.2979,0.1747,0.1074,0.015,0.152,0.260,10.823,0.017,1.155,10.882,0.14,28018.,6000
158,7.3,0.21,0.3373,0.1700,0.1077,0.015,0.153,0.253,10.853,0.017,1.124,10.562,0.14,28048.,6000
159,8.3,0.24,0.3741,0.1650,0.1077,0.015,0.153,0.245,10.855,0.017,1.091,10.250,0.14,28083.,6000
160,9.4,0.27,0.4086,0.1597,0.1074,0.015,0.152,0.237,10.819,0.017,1.056,9.951,0.14,28123.,6000
161,10.4,0.31,0.4408,0.1538,0.1065,0.014,0.151,0.229,10.730,0.017,1.016,9.660,0.14,28167.,6000
162,11.4,0.34,0.4704,0.1475,0.1053,0.014,0.149,0.219,10.606,0.017,0.975,9.373,0.14,28216.,6000
163,12.5,0.37,0.4976,0.1410,0.1038,0.014,0.147,0.210,10.458,0.017,0.932,9.088,0.14,28269.,6000
164,13.5,0.40,0.5222,0.1343,0.1021,0.014,0.145,0.200,10.286,0.016,0.888,8.804,0.14,28327.,6000
165,14.6,0.43,0.5444,0.1275,0.1001,0.014,0.142,0.190,10.087,0.016,0.843,8.522,0.14,28390.,6000
166,15.6,0.46,0.5646,0.1204,0.0977,0.013,0.139,0.179,9.841,0.016,0.796,8.250,0.14,28456.,6000
167,16.7,0.49,0.5841,0.1131,0.0946,0.013,0.134,0.168,9.529,0.015,0.748,8.002,0.14,28528.,6000
168,17.7,0.52,0.6013,0.1056,0.0911,0.012,0.129,0.157,9.183,0.015,0.698,7.752,0.14,28603.,6000
169,18.7,0.55,0.6158,0.0979,0.0874,0.012,0.124,0.146,8.803,0.014,0.647,7.497,0.14,28683.,6000
170,19.8,0.58,0.6273,0.0900,0.0832,0.011,0.118,0.134,8.387,0.013,0.595,7.237,0.15,28768.,6000
171,20.8,0.61,0.6357,0.0820,0.0787,0.011,0.112,0.122,7.932,0.013,0.542,6.966,0.15,28856.,6000
172,21.9,0.64,0.6402,0.0737,0.0738,0.010,0.105,0.110,7.435,0.012,0.487,6.682,0.15,28949.,6000
173,22.9,0.67,0.6401,0.0652,0.0684,0.009,0.097,0.097,6.891,0.011,0.431,6.377,0.15,29046.,6000
174,23.9,0.70,0.6342,0.0565,0.0625,0.008,0.089,0.084,6.302,0.010,0.374,6.044,0.15,29148.,6000
175,25.0,0.73,0.6199,0.0476,0.0563,0.008,0.080,0.071,5.671,0.009,0.315,5.661,0.15,29253.,6000
176,26.0,0.76,0.5925,0.0385,0.0496,0.007,0.070,0.057,5.002,0.008,0.255,5.194,0.15,29363.,6000
177,27.1,0.79,0.5429,0.0292,0.0427,0.006,0.061,0.043,4.299,0.007,0.193,4.576,0.15,29476.,6000
178,28.1,0.82,0.4576,0.0196,0.0354,0.005,0.050,0.029,3.562,0.006,0.130,3.715,0.15,29594.,6000
179,29.1,0.85,0.3052,0.0099,0.0277,0.004,0.039,0.015,2.792,0.004,0.065,2.389,0.15,29715.,6000
180,30.2,0.89,-0.0009,0.0000,0.0198,0.003,0.028,0.000,1.999,0.003,0.000,-0.007,0.15,29840.,6000
181,0.0,0.00,0.0000,0.1959,0.1021,0.022,0.197,0.396,16.339,0.022,1.763,11.000,0.17,32589.,7000
182,1.2,0.03,0.0570,0.1931,0.1034,0.022,0.200,0.391,16.540,0.023,1.738,10.715,0.17,32592.,7000
183,2.4,0.06,0.1111,0.1901,0.1045,0.022,0.202,0.385,16.721,0.023,1.711,10.433,0.17,32600.,7000
184,3.6,0.09,0.1621,0.1868,0.1055,0.023,0.204,0.378,16.880,0.023,1.681,10.154,0.17,32614.,7000
185,4.9,0.12,0.2103,0.1832,0.1064,0.023,0.205,0.371,17.018,0.023,1.648,9.877,0.17,32633.,7000
186,6.1,0.15,0.2555,0.1792,0.1071,0.023,0.207,0.363,17.129,0.023,1.613,9.600,0.17,32658.,7000
187,7.3,0.18,0.2977,0.1749,0.1076,0.023,0.208,0.354,17.214,0.023,1.574,9.324,0.17,32688.,7000
188,8.5,0.21,0.3371,0.1702,0.1079,0.023,0.208,0.344,17.262,0.024,1.532,9.049,0.17,32723.,7000
189,9.7,0.24,0.3739,0.1652,0.1079,0.023,0.208,0.334,17.266,0.024,1.487,8.782,0.17,32764.,7000
190,10.9,0.27,0.4084,0.1599,0.1075,0.023,0.208,0.323,17.206,0.023,1.438,8.525,0.17,32810.,7000
191,12.1,0.31,0.4405,0.1539,0.1066,0.023,0.206,0.311,17.063,0.023,1.385,8.277,0.17,32862.,7000
192,13.4,0.34,0.4718,0.1477,0.1051,0.023,0.203,0.299,16.814,0.023,1.329,8.060,0.17,32919.,7000
193,14.6,0.37,0.4987,0.1412,0.1037,0.022,0.200,0.286,16.591,0.023,1.270,7.809,0.17,32981.,7000
194,15.8,0.40,0.5229,0.1345,0.1021,0.022,0.197,0.272,16.327,0.022,1.210,7.558,0.17,33048.,7000
195,17.0,0.43,0.5446,0.1276,0.1001,0.021,0.193,0.258,16.020,0.022,1.148,7.309,0.17,33121.,7000
196,18.2,0.46,0.5645,0.1205,0.0977,0.021,0.189,0.244,15.631,0.021,1.084,7.072,0.17,33199.,7000
197,19.4,0.49,0.5841,0.1131,0.0946,0.020,0.183,0.229,15.131,0.021,1.018,6.859,0.17,33282.,7000
198,20.6,0.52,0.6012,0.1056,0.0911,0.020,0.176,0.214,14.578,0.020,0.950,6.645,0.17,33370.,7000
199,21.9,0.55,0.6157,0.0979,0.0873,0.019,0.169,0.198,13.969,0.019,0.880,6.427,0.17,33464.,7000
200,23.1,0.58,0.6273,0.0899,0.0831,0.018,0.161,0.182,13.303,0.018,0.809,6.203,0.17,33562.,7000
201,24.3,0.61,0.6356,0.0818,0.0786,0.017,0.152,0.166,12.576,0.017,0.736,5.971,0.17,33665.,7000
202,25.5,0.64,0.6400,0.0736,0.0737,0.016,0.142,0.149,11.786,0.016,0.662,5.727,0.17,33774.,7000
203,26.7,0.67,0.6399,0.0651,0.0683,0.015,0.132,0.132,10.921,0.015,0.585,5.465,0.17,33887.,7000
204,27.9,0.70,0.6339,0.0563,0.0624,0.013,0.121,0.114,9.984,0.014,0.507,5.178,0.17,34005.,7000
205,29.1,0.73,0.6194,0.0475,0.0561,0.012,0.108,0.096,8.982,0.012,0.427,4.849,0.17,34128.,7000
206,30.3,0.76,0.5918,0.0384,0.0495,0.011,0.096,0.078,7.920,0.011,0.345,4.448,0.17,34256.,7000
207,31.6,0.79,0.5421,0.0291,0.0425,0.009,0.082,0.059,6.805,0.009,0.261,3.918,0.17,34388.,7000
208,32.8,0.82,0.4569,0.0196,0.0353,0.008,0.068,0.040,5.642,0.008,0.176,3.180,0.17,34525.,7000
209,34.0,0.85,0.3045,0.0098,0.0276,0.006,0.053,0.020,4.422,0.006,0.089,2.043,0.17,34667.,7000
210,35.2,0.89,-0.0008,0.0000,0.0198,0.004,0.038,0.000,3.169,0.004,0.000,-0.005,0.17,34813.,7000
211,0.0,0.00,0.0000,0.1962,0.1023,0.033,0.258,0.518,24.429,0.029,2.305,9.623,0.19,37245.,8000
212,1.4,0.03,0.0570,0.1934,0.1035,0.033,0.261,0.511,24.728,0.030,2.273,9.374,0.19,37248.,8000
213,2.8,0.06,0.1111,0.1904,0.1047,0.034,0.264,0.503,24.994,0.030,2.238,9.129,0.19,37257.,8000
214,4.2,0.09,0.1622,0.1871,0.1056,0.034,0.266,0.494,25.225,0.030,2.199,8.888,0.19,37273.,8000
215,5.6,0.12,0.2106,0.1835,0.1064,0.034,0.269,0.485,25.416,0.030,2.156,8.651,0.19,37295.,8000
216,6.9,0.15,0.2560,0.1795,0.1070,0.034,0.270,0.474,25.563,0.031,2.110,8.416,0.19,37323.,8000
217,8.3,0.18,0.2987,0.1752,0.1075,0.034,0.271,0.463,25.663,0.031,2.059,8.183,0.19,37357.,8000
218,9.7,0.21,0.3387,0.1706,0.1077,0.034,0.272,0.451,25.712,0.031,2.005,7.951,0.19,37398.,8000
219,11.1,0.24,0.3759,0.1656,0.1076,0.034,0.272,0.438,25.703,0.031,1.946,7.721,0.19,37445.,8000
220,12.5,0.27,0.4104,0.1602,0.1073,0.034,0.271,0.423,25.620,0.031,1.883,7.495,0.19,37497.,8000
221,13.9,0.31,0.4425,0.1542,0.1064,0.034,0.269,0.408,25.420,0.030,1.813,7.272,0.19,37556.,8000
222,15.3,0.34,0.4719,0.1479,0.1052,0.034,0.266,0.391,25.135,0.030,1.738,7.051,0.19,37621.,8000
223,16.7,0.37,0.4988,0.1413,0.1038,0.033,0.262,0.373,24.795,0.030,1.661,6.831,0.19,37693.,8000
224,18.0,0.40,0.5230,0.1346,0.1022,0.033,0.258,0.356,24.396,0.029,1.582,6.612,0.19,37770.,8000
225,19.4,0.43,0.5447,0.1277,0.1002,0.032,0.253,0.337,23.932,0.029,1.501,6.394,0.19,37853.,8000
226,20.8,0.46,0.5647,0.1205,0.0978,0.031,0.247,0.318,23.349,0.028,1.417,6.187,0.19,37942.,8000
227,22.2,0.49,0.5842,0.1132,0.0946,0.030,0.239,0.299,22.599,0.027,1.330,6.001,0.19,38037.,8000
228,23.6,0.52,0.6013,0.1056,0.0912,0.029,0.230,0.279,21.770,0.026,1.241,5.814,0.19,38138.,8000
229,25.0,0.55,0.6158,0.0979,0.0873,0.028,0.220,0.259,20.859,0.025,1.150,5.623,0.19,38245.,8000
230,26.4,0.58,0.6274,0.0899,0.0832,0.027,0.210,0.238,19.862,0.024,1.057,5.427,0.19,38357.,8000
231,27.8,0.61,0.6356,0.0818,0.0786,0.025,0.198,0.216,18.774,0.022,0.962,5.223,0.19,38475.,8000
232,29.1,0.64,0.6401,0.0735,0.0736,0.024,0.186,0.194,17.589,0.021,0.864,5.009,0.19,38599.,8000
233,30.5,0.67,0.6399,0.0650,0.0682,0.022,0.172,0.172,16.298,0.019,0.764,4.780,0.19,38729.,8000
234,31.9,0.70,0.6338,0.0563,0.0624,0.020,0.157,0.149,14.902,0.018,0.662,4.529,0.20,38864.,8000
235,33.3,0.73,0.6192,0.0474,0.0561,0.018,0.142,0.125,13.404,0.016,0.557,4.240,0.20,39005.,8000
236,34.7,0.76,0.5915,0.0383,0.0495,0.016,0.125,0.101,11.816,0.014,0.451,3.889,0.20,39151.,8000
237,36.1,0.79,0.5419,0.0290,0.0425,0.014,0.107,0.077,10.153,0.012,0.341,3.425,0.20,39302.,8000
238,37.5,0.82,0.4567,0.0195,0.0352,0.011,0.089,0.052,8.414,0.010,0.229,2.780,0.20,39459.,8000
239,38.9,0.85,0.3045,0.0098,0.0276,0.009,0.070,0.026,6.594,0.008,0.116,1.788,0.20,39621.,8000
240,40.2,0.89,-0.0010,0.0000,0.0198,0.006,0.050,0.000,4.721,0.006,0.000,-0.006,0.20,39788.,8000
241,0.0,0.00,0.0000,0.1965,0.1025,0.047,0.327,0.657,34.848,0.037,2.922,8.551,0.21,41901.,9000
242,1.6,0.03,0.0570,0.1937,0.1037,0.047,0.331,0.648,35.275,0.037,2.882,8.330,0.21,41904.,9000
243,3.1,0.06,0.1111,0.1907,0.1049,0.048,0.335,0.638,35.656,0.038,2.837,8.113,0.21,41915.,9000
244,4.7,0.09,0.1622,0.1874,0.1058,0.048,0.338,0.627,35.985,0.038,2.788,7.899,0.21,41932.,9000
245,6.2,0.12,0.2105,0.1838,0.1066,0.049,0.340,0.615,36.258,0.038,2.734,7.688,0.21,41957.,9000
246,7.8,0.15,0.2560,0.1798,0.1072,0.049,0.342,0.601,36.468,0.039,2.675,7.480,0.21,41988.,9000
247,9.4,0.18,0.2987,0.1755,0.1077,0.049,0.344,0.587,36.607,0.039,2.611,7.273,0.21,42027.,9000
248,10.9,0.21,0.3386,0.1709,0.1079,0.049,0.344,0.571,36.682,0.039,2.542,7.066,0.21,42073.,9000
249,12.5,0.24,0.3758,0.1659,0.1078,0.049,0.344,0.555,36.670,0.039,2.468,6.862,0.21,42125.,9000
250,14.1,0.27,0.4104,0.1605,0.1075,0.049,0.343,0.537,36.547,0.039,2.387,6.661,0.22,42185.,9000
251,15.6,0.31,0.4424,0.1545,0.1066,0.049,0.341,0.517,36.263,0.038,2.298,6.463,0.22,42251.,9000
252,17.2,0.34,0.4719,0.1481,0.1054,0.048,0.337,0.495,35.850,0.038,2.203,6.267,0.22,42324.,9000
253,18.7,0.37,0.4987,0.1416,0.1040,0.047,0.332,0.473,35.364,0.038,2.106,6.071,0.22,42404.,9000
254,20.3,0.40,0.5230,0.1348,0.1023,0.047,0.327,0.451,34.791,0.037,2.005,5.877,0.22,42491.,9000
255,21.9,0.43,0.5446,0.1279,0.1004,0.046,0.320,0.428,34.124,0.036,1.902,5.683,0.22,42585.,9000
256,23.4,0.46,0.5647,0.1207,0.0979,0.045,0.313,0.404,33.287,0.035,1.795,5.499,0.22,42685.,9000
257,25.0,0.49,0.5843,0.1133,0.0947,0.043,0.303,0.379,32.215,0.034,1.685,5.334,0.22,42792.,9000
258,26.5,0.52,0.6014,0.1057,0.0913,0.042,0.291,0.354,31.031,0.033,1.573,5.168,0.22,42905.,9000
259,28.1,0.55,0.6159,0.0980,0.0874,0.040,0.279,0.328,29.728,0.032,1.457,4.998,0.22,43025.,9000
260,29.7,0.58,0.6274,0.0900,0.0832,0.038,0.266,0.301,28.304,0.030,1.339,4.824,0.22,43152.,9000
261,31.2,0.61,0.6357,0.0819,0.0787,0.036,0.251,0.274,26.749,0.028,1.218,4.643,0.22,43285.,9000
262,32.8,0.64,0.6401,0.0736,0.0737,0.034,0.235,0.246,25.059,0.027,1.094,4.453,0.22,43424.,9000
263,34.3,0.67,0.6399,0.0651,0.0683,0.031,0.218,0.218,23.220,0.025,0.968,4.249,0.22,43570.,9000
264,35.9,0.70,0.6339,0.0564,0.0624,0.028,0.199,0.188,21.231,0.023,0.838,4.026,0.22,43722.,9000
265,37.5,0.73,0.6194,0.0475,0.0562,0.026,0.179,0.159,19.099,0.020,0.706,3.770,0.22,43880.,9000
266,39.0,0.76,0.5916,0.0384,0.0495,0.023,0.158,0.128,16.831,0.018,0.571,3.457,0.22,44045.,9000
267,40.6,0.79,0.5420,0.0290,0.0425,0.019,0.136,0.097,14.462,0.015,0.432,3.045,0.22,44215.,9000
268,42.2,0.82,0.4568,0.0195,0.0352,0.016,0.113,0.065,11.982,0.013,0.290,2.472,0.22,44391.,9000
269,43.7,0.85,0.3048,0.0098,0.0276,0.013,0.088,0.033,9.389,0.010,0.146,1.590,0.22,44574.,9000
270,45.3,0.89,-0.0009,0.0000,0.0198,0.009,0.063,0.000,6.719,0.007,0.000,-0.004,0.22,44762.,9000
271,0.0,0.00,0.0000,0.1968,0.1027,0.064,0.405,0.813,47.902,0.046,3.614,7.694,0.24,46556.,10000
272,1.7,0.03,0.0570,0.1941,0.1039,0.065,0.410,0.801,48.487,0.046,3.564,7.495,0.24,46560.,10000
273,3.5,0.06,0.1110,0.1910,0.1051,0.066,0.414,0.789,49.010,0.047,3.508,7.300,0.24,46572.,10000
274,5.2,0.09,0.1622,0.1877,0.1060,0.066,0.418,0.775,49.461,0.047,3.447,7.107,0.24,46591.,10000
275,6.9,0.12,0.2105,0.1841,0.1068,0.067,0.421,0.760,49.834,0.048,3.381,6.918,0.24,46619.,10000
276,8.7,0.15,0.2559,0.1802,0.1075,0.067,0.424,0.744,50.132,0.048,3.309,6.730,0.24,46654.,10000
277,10.4,0.18,0.2986,0.1759,0.1079,0.067,0.425,0.726,50.322,0.048,3.229,6.544,0.24,46697.,10000
278,12.1,0.21,0.3385,0.1712,0.1081,0.068,0.426,0.707,50.421,0.048,3.144,6.358,0.24,46747.,10000
279,13.9,0.24,0.3757,0.1662,0.1081,0.068,0.426,0.686,50.405,0.048,3.052,6.175,0.24,46806.,10000
280,15.6,0.27,0.4103,0.1608,0.1077,0.067,0.425,0.664,50.242,0.048,2.953,5.994,0.24,46872.,10000
281,17.3,0.31,0.4423,0.1548,0.1069,0.067,0.421,0.639,49.844,0.048,2.842,5.815,0.24,46946.,10000
282,19.1,0.34,0.4718,0.1484,0.1056,0.066,0.416,0.613,49.278,0.047,2.725,5.639,0.24,47027.,10000
283,20.8,0.37,0.4986,0.1418,0.1042,0.065,0.411,0.585,48.604,0.046,2.604,5.463,0.24,47116.,10000
284,22.6,0.40,0.5229,0.1350,0.1025,0.064,0.404,0.557,47.811,0.046,2.479,5.288,0.24,47212.,10000
285,24.3,0.43,0.5446,0.1281,0.1005,0.063,0.396,0.529,46.890,0.045,2.352,5.114,0.24,47316.,10000
286,26.0,0.46,0.5647,0.1209,0.0980,0.061,0.387,0.499,45.732,0.044,2.220,4.949,0.24,47428.,10000
287,27.8,0.49,0.5843,0.1135,0.0949,0.059,0.374,0.468,44.255,0.042,2.084,4.801,0.24,47546.,10000
288,29.5,0.52,0.6014,0.1059,0.0914,0.057,0.360,0.437,42.625,0.041,1.944,4.651,0.24,47673.,10000
289,31.2,0.55,0.6159,0.0981,0.0875,0.055,0.345,0.405,40.834,0.039,1.801,4.499,0.24,47806.,10000
290,33.0,0.58,0.6275,0.0901,0.0833,0.052,0.329,0.372,38.872,0.037,1.655,4.342,0.24,47947.,10000
291,34.7,0.61,0.6358,0.0820,0.0788,0.049,0.310,0.338,36.736,0.035,1.506,4.179,0.24,48094.,10000
292,36.4,0.64,0.6402,0.0737,0.0738,0.046,0.291,0.304,34.412,0.033,1.353,4.008,0.24,48249.,10000
293,38.2,0.67,0.6401,0.0651,0.0684,0.043,0.269,0.269,31.886,0.030,1.196,3.825,0.24,48411.,10000
294,39.9,0.70,0.6340,0.0564,0.0625,0.039,0.246,0.233,29.152,0.028,1.036,3.624,0.24,48580.,10000
295,41.6,0.73,0.6195,0.0475,0.0562,0.035,0.222,0.196,26.219,0.025,0.873,3.393,0.24,48756.,10000
296,43.4,0.76,0.5916,0.0384,0.0495,0.031,0.195,0.158,23.098,0.022,0.705,3.111,0.24,48939.,10000
297,45.1,0.79,0.5422,0.0291,0.0425,0.027,0.168,0.120,19.845,0.019,0.534,2.742,0.25,49128.,10000
298,46.8,0.82,0.4572,0.0195,0.0352,0.022,0.139,0.081,16.437,0.016,0.359,2.226,0.25,49324.,10000
299,48.6,0.85,0.3051,0.0099,0.0276,0.017,0.109,0.041,12.874,0.012,0.181,1.433,0.25,49526.,10000
300,50.3,0.89,-0.0009,0.0000,0.0197,0.012,0.078,0.000,9.206,0.009,0.000,-0.004,0.25,49735.,10000
301,0.0,0.00,0.0000,0.1972,0.1030,0.086,0.491,0.985,63.924,0.055,4.382,6.990,0.26,51212.,11000
302,1.9,0.03,0.0570,0.1945,0.1042,0.087,0.497,0.971,64.706,0.056,4.321,6.810,0.26,51216.,11000
303,3.8,0.06,0.1110,0.1914,0.1053,0.088,0.503,0.956,65.404,0.057,4.254,6.632,0.26,51229.,11000
304,5.7,0.09,0.1622,0.1881,0.1063,0.089,0.507,0.940,66.004,0.057,4.180,6.458,0.26,51251.,11000
305,7.6,0.12,0.2104,0.1845,0.1071,0.089,0.511,0.922,66.502,0.058,4.099,6.286,0.26,51281.,11000
306,9.5,0.15,0.2559,0.1805,0.1077,0.090,0.514,0.902,66.886,0.058,4.011,6.115,0.26,51319.,11000
307,11.5,0.18,0.2986,0.1762,0.1082,0.090,0.516,0.880,67.155,0.058,3.915,5.945,0.26,51367.,11000
308,13.4,0.21,0.3385,0.1716,0.1084,0.090,0.517,0.857,67.284,0.058,3.812,5.777,0.26,51422.,11000
309,15.3,0.24,0.3757,0.1665,0.1083,0.090,0.517,0.832,67.261,0.058,3.701,5.610,0.26,51487.,11000
310,17.2,0.27,0.4102,0.1611,0.1080,0.090,0.515,0.805,67.039,0.058,3.580,5.446,0.26,51559.,11000
311,19.1,0.31,0.4423,0.1551,0.1071,0.089,0.511,0.775,66.504,0.058,3.446,5.284,0.26,51640.,11000
312,21.0,0.34,0.4717,0.1487,0.1059,0.088,0.505,0.743,65.738,0.057,3.303,5.124,0.26,51730.,11000
313,22.9,0.37,0.4986,0.1420,0.1044,0.087,0.498,0.710,64.829,0.056,3.156,4.964,0.26,51828.,11000
314,24.8,0.40,0.5229,0.1352,0.1027,0.086,0.490,0.676,63.766,0.055,3.005,4.805,0.26,51934.,11000
315,26.7,0.43,0.5446,0.1282,0.1007,0.084,0.480,0.641,62.523,0.054,2.849,4.647,0.26,52048.,11000
316,28.6,0.46,0.5647,0.1210,0.0982,0.082,0.468,0.605,60.964,0.053,2.689,4.498,0.26,52171.,11000
317,30.5,0.49,0.5844,0.1136,0.0950,0.079,0.453,0.568,58.991,0.051,2.524,4.363,0.26,52302.,11000
318,32.5,0.52,0.6015,0.1060,0.0915,0.076,0.437,0.530,56.814,0.049,2.355,4.227,0.27,52441.,11000
319,34.4,0.55,0.6160,0.0982,0.0877,0.073,0.418,0.491,54.423,0.047,2.182,4.089,0.27,52588.,11000
320,36.3,0.58,0.6276,0.0902,0.0834,0.069,0.398,0.451,51.806,0.045,2.005,3.946,0.27,52743.,11000
321,38.2,0.61,0.6359,0.0821,0.0789,0.066,0.376,0.410,48.955,0.042,1.824,3.799,0.27,52905.,11000
322,40.1,0.64,0.6403,0.0737,0.0739,0.061,0.352,0.368,45.854,0.040,1.638,3.643,0.27,53076.,11000
323,42.0,0.67,0.6402,0.0652,0.0684,0.057,0.326,0.326,42.483,0.037,1.448,3.477,0.27,53254.,11000
324,43.9,0.70,0.6341,0.0565,0.0626,0.052,0.298,0.282,38.836,0.034,1.255,3.294,0.27,53440.,11000
325,45.8,0.73,0.6195,0.0475,0.0562,0.047,0.268,0.237,34.920,0.030,1.056,3.084,0.27,53633.,11000
326,47.7,0.76,0.5916,0.0384,0.0495,0.041,0.236,0.192,30.760,0.027,0.853,2.827,0.27,53834.,11000
327,49.6,0.79,0.5422,0.0291,0.0426,0.035,0.203,0.145,26.420,0.023,0.646,2.491,0.27,54043.,11000
328,51.5,0.82,0.4572,0.0195,0.0352,0.029,0.168,0.098,21.870,0.019,0.434,2.023,0.27,54259.,11000
329,53.5,0.86,0.3051,0.0098,0.0276,0.023,0.132,0.049,17.117,0.015,0.219,1.302,0.27,54481.,11000
330,55.4,0.89,-0.0016,0.0000,0.0197,0.016,0.094,0.000,12.224,0.011,-0.001,-0.007,0.27,54712.,11000
331,0.0,0.00,0.0000,0.1976,0.1033,0.112,0.586,1.175,83.224,0.066,5.226,6.403,0.29,55867.,12000
332,2.1,0.03,0.0570,0.1949,0.1045,0.113,0.593,1.159,84.246,0.067,5.154,6.238,0.29,55872.,12000
333,4.2,0.06,0.1110,0.1919,0.1056,0.114,0.600,1.141,85.153,0.068,5.074,6.076,0.29,55886.,12000
334,6.3,0.09,0.1621,0.1885,0.1066,0.115,0.605,1.121,85.934,0.068,4.986,5.916,0.29,55910.,12000
335,8.3,0.12,0.2104,0.1849,0.1074,0.116,0.610,1.099,86.577,0.069,4.889,5.758,0.29,55943.,12000
336,10.4,0.15,0.2559,0.1809,0.1080,0.117,0.613,1.076,87.078,0.069,4.784,5.602,0.29,55985.,12000
337,12.5,0.18,0.2985,0.1766,0.1085,0.117,0.616,1.050,87.419,0.070,4.670,5.447,0.29,56036.,12000
338,14.6,0.21,0.3384,0.1719,0.1087,0.117,0.617,1.022,87.587,0.070,4.546,5.293,0.29,56097.,12000
339,16.7,0.24,0.3756,0.1669,0.1086,0.117,0.617,0.992,87.554,0.070,4.413,5.140,0.29,56167.,12000
340,18.8,0.28,0.4102,0.1615,0.1083,0.117,0.615,0.960,87.262,0.069,4.270,4.989,0.29,56247.,12000
341,20.8,0.31,0.4422,0.1554,0.1074,0.116,0.610,0.924,86.561,0.069,4.110,4.841,0.29,56335.,12000
342,22.9,0.34,0.4717,0.1490,0.1061,0.115,0.603,0.886,85.556,0.068,3.939,4.694,0.29,56433.,12000
343,25.0,0.37,0.4986,0.1423,0.1047,0.113,0.594,0.846,84.367,0.067,3.763,4.548,0.29,56540.,12000
344,27.1,0.40,0.5228,0.1355,0.1029,0.111,0.584,0.805,82.975,0.066,3.583,4.403,0.29,56656.,12000
345,29.2,0.43,0.5445,0.1285,0.1009,0.109,0.573,0.764,81.348,0.065,3.397,4.258,0.29,56781.,12000
346,31.3,0.46,0.5648,0.1212,0.0984,0.106,0.559,0.721,79.302,0.063,3.206,4.122,0.29,56915.,12000
347,33.3,0.49,0.5845,0.1138,0.0952,0.103,0.540,0.677,76.737,0.061,3.009,3.999,0.29,57058.,12000
348,35.4,0.52,0.6016,0.1062,0.0917,0.099,0.520,0.631,73.898,0.059,2.808,3.874,0.29,57209.,12000
349,37.5,0.55,0.6161,0.0984,0.0878,0.095,0.499,0.585,70.783,0.056,2.601,3.747,0.29,57370.,12000
350,39.6,0.58,0.6278,0.0904,0.0836,0.090,0.475,0.537,67.378,0.054,2.390,3.617,0.29,57539.,12000
351,41.7,0.61,0.6361,0.0822,0.0790,0.085,0.449,0.489,63.679,0.051,2.174,3.482,0.29,57716.,12000
352,43.8,0.64,0.6405,0.0739,0.0740,0.080,0.420,0.439,59.646,0.047,1.953,3.339,0.29,57902.,12000
353,45.8,0.67,0.6404,0.0653,0.0686,0.074,0.389,0.388,55.258,0.044,1.727,3.187,0.29,58097.,12000
354,47.9,0.70,0.6343,0.0565,0.0627,0.068,0.356,0.336,50.502,0.040,1.495,3.019,0.29,58300.,12000
355,50.0,0.73,0.6196,0.0476,0.0563,0.061,0.320,0.283,45.389,0.036,1.258,2.826,0.29,58511.,12000
356,52.1,0.76,0.5917,0.0384,0.0496,0.054,0.282,0.228,39.975,0.032,1.016,2.591,0.29,58731.,12000
357,54.2,0.79,0.5423,0.0291,0.0426,0.046,0.242,0.173,34.330,0.027,0.769,2.283,0.29,58958.,12000
358,56.3,0.83,0.4574,0.0195,0.0352,0.038,0.200,0.116,28.411,0.023,0.517,1.855,0.30,59194.,12000
359,58.3,0.86,0.3057,0.0099,0.0276,0.030,0.157,0.059,22.238,0.018,0.261,1.195,0.30,59437.,12000
360,60.4,0.89,-0.0010,0.0000,0.0197,0.021,0.112,0.000,15.872,0.013,-0.001,-0.004,0.30,59688.,12000
361,0.0,0.00,0.0000,0.1981,0.1036,0.142,0.690,1.382,106.128,0.078,6.147,5.907,0.31,60523.,13000
362,2.3,0.03,0.0570,0.1954,0.1048,0.144,0.699,1.363,107.439,0.079,6.063,5.754,0.31,60528.,13000
363,4.5,0.06,0.1110,0.1923,0.1060,0.146,0.706,1.342,108.602,0.080,5.969,5.604,0.31,60543.,13000
364,6.8,0.09,0.1621,0.1890,0.1069,0.147,0.713,1.319,109.599,0.081,5.865,5.457,0.31,60569.,13000
365,9.0,0.12,0.2103,0.1853,0.1078,0.148,0.718,1.293,110.423,0.081,5.752,5.312,0.31,60605.,13000
366,11.3,0.15,0.2558,0.1813,0.1084,0.149,0.722,1.265,111.060,0.082,5.628,5.167,0.31,60650.,13000
367,13.5,0.18,0.2984,0.1770,0.1088,0.150,0.725,1.235,111.485,0.082,5.492,5.023,0.31,60706.,13000
368,15.8,0.21,0.3383,0.1723,0.1090,0.150,0.726,1.202,111.691,0.082,5.347,4.881,0.31,60772.,13000
369,18.1,0.24,0.3755,0.1672,0.1089,0.150,0.726,1.167,111.643,0.082,5.190,4.741,0.31,60848.,13000
370,20.3,0.28,0.4100,0.1618,0.1086,0.149,0.723,1.129,111.263,0.082,5.021,4.602,0.31,60934.,13000
371,22.6,0.31,0.4421,0.1557,0.1077,0.148,0.717,1.086,110.360,0.081,4.833,4.465,0.31,61030.,13000
372,24.8,0.34,0.4716,0.1492,0.1064,0.146,0.709,1.041,109.071,0.080,4.632,4.330,0.31,61136.,13000
373,27.1,0.37,0.4984,0.1426,0.1049,0.144,0.699,0.995,107.539,0.079,4.425,4.196,0.31,61252.,13000
374,29.4,0.40,0.5227,0.1357,0.1032,0.142,0.688,0.947,105.752,0.078,4.212,4.061,0.31,61378.,13000
375,31.6,0.43,0.5445,0.1287,0.1011,0.139,0.674,0.898,103.658,0.076,3.993,3.928,0.31,61514.,13000
376,33.9,0.46,0.5648,0.1214,0.0986,0.135,0.657,0.847,101.031,0.074,3.768,3.803,0.31,61659.,13000
377,36.1,0.49,0.5845,0.1140,0.0954,0.131,0.636,0.795,97.759,0.072,3.537,3.690,0.31,61814.,13000
378,38.4,0.52,0.6016,0.1064,0.0919,0.126,0.612,0.742,94.149,0.069,3.301,3.575,0.31,61978.,13000
379,40.6,0.55,0.6162,0.0985,0.0880,0.121,0.586,0.688,90.184,0.066,3.058,3.458,0.31,62152.,13000
380,42.9,0.58,0.6278,0.0905,0.0838,0.115,0.558,0.632,85.849,0.063,2.810,3.338,0.31,62335.,13000
381,45.2,0.61,0.6361,0.0824,0.0792,0.109,0.527,0.575,81.118,0.060,2.556,3.213,0.32,62528.,13000
382,47.4,0.64,0.6406,0.0740,0.0741,0.102,0.494,0.516,75.980,0.056,2.296,3.081,0.32,62730.,13000
383,49.7,0.67,0.6405,0.0654,0.0687,0.094,0.458,0.456,70.392,0.052,2.030,2.941,0.32,62941.,13000
384,51.9,0.70,0.6345,0.0566,0.0628,0.086,0.418,0.395,64.331,0.047,1.758,2.787,0.32,63161.,13000
385,54.2,0.73,0.6199,0.0477,0.0564,0.078,0.376,0.333,57.820,0.042,1.479,2.609,0.32,63390.,13000
386,56.5,0.76,0.5919,0.0385,0.0497,0.068,0.331,0.268,50.902,0.037,1.194,2.391,0.32,63628.,13000
387,58.7,0.79,0.5427,0.0291,0.0427,0.059,0.284,0.203,43.714,0.032,0.904,2.108,0.32,63874.,13000
388,61.0,0.83,0.4581,0.0196,0.0353,0.048,0.235,0.137,36.161,0.027,0.608,1.714,0.32,64130.,13000
389,63.2,0.86,0.3065,0.0099,0.0276,0.038,0.184,0.069,28.275,0.021,0.307,1.106,0.32,64393.,13000
390,65.5,0.89,-0.0007,0.0000,0.0197,0.027,0.131,0.000,20.156,0.015,0.000,-0.002,0.32,64666.,13000
391,0.0,0.00,0.0000,0.1982,0.1037,0.178,0.801,1.604,132.751,0.091,7.134,5.480,0.33,65179.,14000
392,2.4,0.03,0.0570,0.1955,0.1050,0.180,0.812,1.582,134.426,0.092,7.037,5.338,0.33,65184.,14000
393,4.9,0.06,0.1110,0.1925,0.1062,0.182,0.821,1.558,135.914,0.093,6.930,5.199,0.33,65201.,14000
394,7.3,0.09,0.1622,0.1892,0.1072,0.184,0.828,1.531,137.185,0.094,6.811,5.063,0.33,65228.,14000
395,9.7,0.12,0.2105,0.1856,0.1080,0.185,0.834,1.502,138.229,0.094,6.680,4.928,0.33,65267.,14000
396,12.2,0.15,0.2560,0.1816,0.1086,0.186,0.839,1.470,139.029,0.095,6.537,4.794,0.33,65316.,14000
397,14.6,0.18,0.2987,0.1773,0.1090,0.187,0.843,1.435,139.573,0.095,6.381,4.662,0.33,65376.,14000
398,17.0,0.21,0.3386,0.1726,0.1092,0.188,0.844,1.397,139.830,0.095,6.213,4.531,0.33,65448.,14000
399,19.5,0.24,0.3759,0.1676,0.1092,0.187,0.844,1.356,139.774,0.095,6.031,4.400,0.33,65530.,14000
400,21.9,0.28,0.4105,0.1621,0.1088,0.187,0.841,1.312,139.301,0.095,5.835,4.272,0.33,65623.,14000
401,24.4,0.31,0.4426,0.1561,0.1080,0.185,0.834,1.263,138.193,0.094,5.617,4.145,0.33,65727.,14000
402,26.8,0.34,0.4721,0.1495,0.1067,0.183,0.824,1.210,136.555,0.093,5.383,4.019,0.34,65841.,14000
403,29.2,0.37,0.4990,0.1428,0.1052,0.181,0.813,1.156,134.615,0.092,5.141,3.895,0.34,65966.,14000
404,31.7,0.40,0.5233,0.1360,0.1034,0.177,0.799,1.100,132.354,0.090,4.893,3.770,0.34,66102.,14000
405,34.1,0.43,0.5451,0.1289,0.1013,0.174,0.783,1.043,129.721,0.088,4.638,3.646,0.34,66248.,14000
406,36.5,0.46,0.5650,0.1216,0.0988,0.170,0.764,0.984,126.504,0.086,4.376,3.528,0.34,66405.,14000
407,39.0,0.49,0.5847,0.1141,0.0956,0.164,0.739,0.923,122.392,0.083,4.108,3.422,0.34,66573.,14000
408,41.4,0.52,0.6019,0.1065,0.0921,0.158,0.712,0.862,117.866,0.080,3.833,3.316,0.34,66750.,14000
409,43.8,0.55,0.6164,0.0986,0.0882,0.151,0.681,0.798,112.875,0.077,3.550,3.207,0.34,66938.,14000
410,46.3,0.58,0.6281,0.0906,0.0839,0.144,0.648,0.733,107.419,0.073,3.261,3.096,0.34,67136.,14000
411,48.7,0.61,0.6364,0.0824,0.0793,0.136,0.613,0.667,101.477,0.069,2.966,2.980,0.34,67344.,14000
412,51.1,0.64,0.6528,0.0742,0.0731,0.125,0.565,0.601,93.572,0.064,2.672,2.911,0.34,67562.,14000
413,53.6,0.67,0.6530,0.0656,0.0677,0.116,0.523,0.531,86.634,0.059,2.362,2.780,0.34,67790.,14000
414,56.0,0.70,0.6471,0.0568,0.0618,0.106,0.478,0.460,79.115,0.054,2.044,2.635,0.34,68028.,14000
415,58.5,0.73,0.6321,0.0478,0.0555,0.095,0.429,0.386,71.073,0.048,1.719,2.466,0.34,68275.,14000
416,60.9,0.77,0.6033,0.0385,0.0489,0.084,0.378,0.312,62.574,0.043,1.387,2.260,0.34,68532.,14000
417,63.3,0.80,0.5621,0.0293,0.0414,0.071,0.320,0.237,53.025,0.036,1.053,2.025,0.34,68798.,14000
418,65.8,0.83,0.4735,0.0196,0.0342,0.059,0.264,0.158,43.770,0.030,0.705,1.642,0.34,69074.,14000
419,68.2,0.86,0.3144,0.0098,0.0267,0.046,0.206,0.079,34.127,0.023,0.352,1.052,0.35,69359.,14000
420,70.6,0.89,-0.0005,0.0000,0.0191,0.033,0.148,0.000,24.448,0.017,0.000,-0.002,0.35,69653.,14000
421,0.0,0.00,0.0000,0.1984,0.1028,0.217,0.912,1.843,161.817,0.103,8.198,5.166,0.36,69834.,15000
422,2.6,0.03,0.0575,0.1958,0.1041,0.220,0.924,1.819,163.930,0.104,8.090,5.033,0.36,69840.,15000
423,5.2,0.06,0.1121,0.1929,0.1053,0.222,0.934,1.792,165.798,0.106,7.970,4.902,0.36,69858.,15000
424,7.8,0.09,0.1637,0.1896,0.1063,0.224,0.943,1.762,167.399,0.107,7.836,4.773,0.36,69887.,15000
425,10.4,0.12,0.2125,0.1861,0.1072,0.226,0.951,1.728,168.698,0.107,7.687,4.647,0.36,69928.,15000
426,13.0,0.15,0.2585,0.1821,0.1078,0.228,0.956,1.692,169.693,0.108,7.525,4.522,0.36,69981.,15000
427,15.6,0.18,0.3017,0.1778,0.1082,0.228,0.960,1.652,170.335,0.108,7.348,4.399,0.36,70046.,15000
428,18.3,0.21,0.3423,0.1732,0.1084,0.229,0.961,1.609,170.604,0.109,7.156,4.277,0.36,70122.,15000
429,20.9,0.24,0.3801,0.1682,0.1083,0.229,0.961,1.562,170.484,0.109,6.950,4.157,0.36,70210.,15000
430,23.5,0.28,0.4154,0.1628,0.1079,0.228,0.957,1.512,169.874,0.108,6.727,4.038,0.36,70310.,15000
431,26.1,0.31,0.4550,0.1570,0.1055,0.223,0.936,1.458,166.144,0.106,6.486,3.981,0.36,70420.,15000
432,28.7,0.34,0.4861,0.1505,0.1042,0.220,0.924,1.398,163.985,0.104,6.217,3.866,0.36,70543.,15000
433,31.3,0.37,0.5146,0.1438,0.1026,0.217,0.910,1.335,161.455,0.103,5.940,3.752,0.36,70677.,15000
434,33.9,0.40,0.5473,0.1371,0.0996,0.210,0.884,1.274,156.865,0.100,5.665,3.683,0.36,70822.,15000
435,36.5,0.43,0.5717,0.1301,0.0974,0.206,0.864,1.208,153.389,0.098,5.374,3.572,0.36,70979.,15000
436,39.1,0.46,0.5941,0.1228,0.0949,0.200,0.841,1.141,149.335,0.095,5.074,3.465,0.36,71146.,15000
437,41.7,0.49,0.6148,0.1153,0.0918,0.194,0.814,1.071,144.554,0.092,4.765,3.361,0.36,71325.,15000
438,44.3,0.52,0.6330,0.1077,0.0885,0.187,0.785,1.000,139.246,0.089,4.448,3.257,0.36,71515.,15000
439,46.9,0.55,0.6486,0.0998,0.0847,0.179,0.752,0.927,133.387,0.085,4.123,3.152,0.36,71716.,15000
440,49.5,0.58,0.6612,0.0917,0.0806,0.170,0.715,0.852,126.941,0.081,3.790,3.044,0.36,71928.,15000
441,52.1,0.61,0.6706,0.0835,0.0762,0.161,0.676,0.776,119.927,0.076,3.450,2.933,0.36,72150.,15000
442,54.8,0.64,0.6761,0.0751,0.0713,0.151,0.633,0.697,112.273,0.071,3.101,2.816,0.36,72384.,15000
443,57.4,0.67,0.6770,0.0664,0.0660,0.139,0.585,0.617,103.908,0.066,2.743,2.692,0.37,72627.,15000
444,60.0,0.70,0.6718,0.0575,0.0603,0.127,0.535,0.535,94.892,0.060,2.378,2.555,0.37,72882.,15000
445,62.6,0.73,0.6573,0.0485,0.0542,0.114,0.480,0.450,85.270,0.054,2.003,2.396,0.37,73146.,15000
446,65.2,0.76,0.6283,0.0392,0.0477,0.101,0.423,0.364,75.079,0.048,1.619,2.199,0.37,73421.,15000
447,67.8,0.80,0.5769,0.0297,0.0410,0.086,0.363,0.276,64.493,0.041,1.228,1.941,0.37,73706.,15000
448,70.4,0.83,0.4882,0.0200,0.0339,0.072,0.301,0.186,53.361,0.034,0.828,1.582,0.37,74001.,15000
449,73.0,0.86,0.3295,0.0102,0.0265,0.056,0.235,0.095,41.790,0.027,0.422,1.030,0.37,74306.,15000
450,75.6,0.89,0.0107,0.0002,0.0190,0.040,0.169,0.002,29.928,0.019,0.009,0.032,0.37,74621.,15000
451,0.0,0.00,0.0000,0.1988,0.1009,0.258,1.018,2.101,192.732,0.115,9.347,4.945,0.38,74490.,16000
452,2.8,0.03,0.0588,0.1963,0.1023,0.262,1.032,2.074,195.364,0.117,9.227,4.816,0.38,74496.,16000
453,5.6,0.06,0.1145,0.1934,0.1035,0.265,1.044,2.044,197.705,0.118,9.093,4.690,0.38,74515.,16000
454,8.4,0.09,0.1672,0.1902,0.1045,0.268,1.055,2.010,199.740,0.119,8.943,4.565,0.38,74547.,16000
455,11.1,0.12,0.2169,0.1867,0.1054,0.270,1.064,1.973,201.441,0.120,8.776,4.442,0.38,74591.,16000
456,13.9,0.15,0.2637,0.1828,0.1061,0.272,1.071,1.932,202.791,0.121,8.592,4.320,0.38,74647.,16000
457,16.7,0.18,0.3076,0.1785,0.1066,0.273,1.076,1.886,203.737,0.122,8.391,4.200,0.38,74716.,16000
458,19.5,0.21,0.3487,0.1738,0.1069,0.274,1.079,1.837,204.200,0.122,8.172,4.081,0.38,74798.,16000
459,22.3,0.25,0.3873,0.1688,0.1068,0.274,1.078,1.784,204.086,0.122,7.937,3.966,0.38,74892.,16000
460,25.1,0.28,0.4236,0.1635,0.1064,0.273,1.074,1.728,203.225,0.121,7.684,3.856,0.38,74998.,16000
461,27.8,0.31,0.4578,0.1575,0.1054,0.270,1.064,1.665,201.362,0.120,7.406,3.750,0.38,75117.,16000
462,30.6,0.34,0.4898,0.1510,0.1039,0.266,1.048,1.596,198.474,0.118,7.100,3.648,0.38,75248.,16000
463,33.4,0.37,0.5194,0.1443,0.1021,0.262,1.031,1.525,195.125,0.116,6.785,3.546,0.38,75391.,16000
464,36.2,0.40,0.5467,0.1374,0.1001,0.257,1.010,1.453,191.276,0.114,6.461,3.445,0.38,75546.,16000
465,39.0,0.43,0.5715,0.1304,0.0978,0.251,0.987,1.378,186.904,0.112,6.129,3.344,0.38,75713.,16000
466,41.8,0.46,0.6052,0.1233,0.0936,0.240,0.945,1.303,178.809,0.107,5.795,3.305,0.38,75893.,16000
467,44.6,0.49,0.6263,0.1158,0.0906,0.232,0.914,1.223,173.054,0.103,5.442,3.207,0.39,76084.,16000
468,47.3,0.52,0.6449,0.1080,0.0872,0.224,0.880,1.142,166.671,0.099,5.079,3.107,0.39,76287.,16000
469,50.1,0.55,0.6608,0.1001,0.0836,0.214,0.843,1.058,159.637,0.095,4.708,3.007,0.39,76502.,16000
470,52.9,0.58,0.6737,0.0920,0.0795,0.204,0.802,0.973,151.886,0.091,4.327,2.905,0.39,76728.,16000
471,55.7,0.61,0.6834,0.0837,0.0751,0.192,0.758,0.885,143.424,0.086,3.937,2.799,0.39,76966.,16000
472,58.5,0.64,0.6892,0.0753,0.0702,0.180,0.709,0.795,134.195,0.080,3.538,2.688,0.39,77216.,16000
473,61.3,0.67,0.6904,0.0666,0.0650,0.166,0.656,0.704,124.138,0.074,3.130,2.571,0.39,77476.,16000
474,64.0,0.70,0.6855,0.0577,0.0593,0.152,0.598,0.610,113.241,0.068,2.711,2.441,0.39,77748.,16000
475,66.8,0.74,0.6777,0.0487,0.0528,0.135,0.533,0.515,100.903,0.060,2.289,2.313,0.39,78031.,16000
476,69.6,0.77,0.6483,0.0393,0.0464,0.119,0.468,0.415,88.681,0.053,1.847,2.124,0.39,78325.,16000
477,72.4,0.80,0.5947,0.0297,0.0398,0.102,0.402,0.314,76.040,0.045,1.397,1.874,0.39,78630.,16000
478,75.2,0.83,0.5018,0.0199,0.0329,0.084,0.332,0.211,62.804,0.037,0.938,1.523,0.39,78945.,16000
479,78.0,0.86,0.3348,0.0100,0.0256,0.066,0.259,0.106,48.975,0.029,0.470,0.980,0.39,79271.,16000
480,80.7,0.89,-0.0009,0.0000,0.0183,0.047,0.184,0.000,34.926,0.021,-0.001,-0.003,0.40,79607.,16000
481,0.0,0.00,0.0000,0.1991,0.0996,0.306,1.135,2.375,228.282,0.128,10.565,4.720,0.40,79146.,17000
482,3.0,0.03,0.0596,0.1966,0.1011,0.311,1.151,2.346,231.609,0.130,10.435,4.594,0.40,79152.,17000
483,5.9,0.06,0.1161,0.1938,0.1023,0.314,1.166,2.312,234.432,0.132,10.284,4.473,0.40,79172.,17000
484,8.9,0.09,0.1695,0.1907,0.1034,0.318,1.178,2.275,236.927,0.133,10.118,4.355,0.40,79206.,17000
485,11.8,0.12,0.2199,0.1872,0.1043,0.321,1.189,2.233,239.074,0.134,9.934,4.237,0.40,79253.,17000
486,14.8,0.15,0.2674,0.1833,0.1050,0.323,1.197,2.187,240.681,0.135,9.730,4.122,0.41,79313.,17000
487,17.8,0.18,0.3121,0.1791,0.1055,0.324,1.202,2.137,241.800,0.136,9.507,4.009,0.41,79386.,17000
488,20.7,0.21,0.3539,0.1745,0.1057,0.325,1.204,2.082,242.248,0.136,9.259,3.897,0.41,79473.,17000
489,23.7,0.25,0.3932,0.1695,0.1056,0.325,1.204,2.022,242.108,0.136,8.996,3.789,0.41,79573.,17000
490,26.6,0.28,0.4302,0.1641,0.1052,0.323,1.199,1.958,241.102,0.135,8.711,3.684,0.41,79686.,17000
491,29.6,0.31,0.4650,0.1583,0.1043,0.320,1.188,1.888,238.937,0.134,8.399,3.584,0.41,79812.,17000
492,32.6,0.34,0.4977,0.1517,0.1027,0.316,1.171,1.810,235.460,0.132,8.053,3.488,0.41,79951.,17000
493,35.5,0.37,0.5280,0.1450,0.1009,0.310,1.150,1.730,231.344,0.130,7.694,3.391,0.41,80103.,17000
494,38.5,0.40,0.5559,0.1381,0.0989,0.304,1.127,1.648,226.707,0.127,7.328,3.296,0.41,80268.,17000
495,41.4,0.43,0.5815,0.1310,0.0966,0.297,1.101,1.563,221.433,0.124,6.952,3.201,0.41,80446.,17000
496,44.4,0.46,0.6050,0.1237,0.0940,0.289,1.071,1.476,215.378,0.121,6.566,3.109,0.41,80637.,17000
497,47.3,0.49,0.6262,0.1162,0.0910,0.280,1.037,1.387,208.498,0.117,6.168,3.017,0.41,80840.,17000
498,50.3,0.52,0.6498,0.1087,0.0871,0.268,0.992,1.297,199.601,0.112,5.767,2.946,0.41,81056.,17000
499,53.3,0.55,0.6660,0.1007,0.0834,0.256,0.950,1.202,191.103,0.107,5.345,2.852,0.41,81284.,17000
500,56.2,0.58,0.6794,0.0926,0.0793,0.244,0.904,1.105,181.807,0.102,4.914,2.756,0.41,81525.,17000
501,59.2,0.61,0.6895,0.0843,0.0749,0.230,0.853,1.006,171.628,0.096,4.473,2.657,0.41,81778.,17000
502,62.1,0.64,0.6959,0.0758,0.0701,0.215,0.798,0.904,160.589,0.090,4.023,2.554,0.41,82043.,17000
503,65.1,0.67,0.6972,0.0670,0.0648,0.199,0.738,0.800,148.440,0.083,3.556,2.443,0.41,82320.,17000
504,68.1,0.70,0.6926,0.0581,0.0591,0.182,0.674,0.693,135.489,0.076,3.084,2.321,0.41,82609.,17000
505,71.0,0.74,0.6785,0.0489,0.0530,0.163,0.604,0.584,121.537,0.068,2.597,2.179,0.42,82910.,17000
506,74.0,0.77,0.6496,0.0395,0.0466,0.143,0.531,0.472,106.824,0.060,2.098,2.003,0.42,83222.,17000
507,76.9,0.80,0.5967,0.0299,0.0400,0.123,0.455,0.357,91.583,0.051,1.589,1.769,0.42,83546.,17000
508,79.9,0.83,0.5052,0.0202,0.0330,0.102,0.376,0.241,75.705,0.043,1.071,1.442,0.42,83881.,17000
509,82.9,0.86,0.3379,0.0101,0.0257,0.079,0.293,0.121,58.948,0.033,0.538,0.930,0.42,84227.,17000
510,85.8,0.89,-0.0016,0.0000,0.0183,0.056,0.208,0.000,41.874,0.024,-0.002,-0.004,0.42,84585.,17000
511,0.0,0.00,0.0000,0.1993,0.0997,0.364,1.274,2.665,271.230,0.144,11.856,4.457,0.43,83801.,18000
512,3.1,0.03,0.0597,0.1969,0.1012,0.369,1.293,2.634,275.272,0.146,11.715,4.340,0.43,83808.,18000
513,6.3,0.06,0.1163,0.1941,0.1025,0.374,1.309,2.596,278.815,0.148,11.549,4.224,0.43,83830.,18000
514,9.4,0.09,0.1697,0.1910,0.1036,0.378,1.324,2.555,281.890,0.150,11.365,4.111,0.43,83865.,18000
515,12.6,0.12,0.2203,0.1876,0.1046,0.381,1.336,2.509,284.432,0.151,11.162,4.002,0.43,83915.,18000
516,15.7,0.15,0.2709,0.1838,0.1041,0.380,1.330,2.459,283.255,0.150,10.936,3.937,0.43,83979.,18000
517,18.8,0.18,0.3162,0.1796,0.1046,0.382,1.336,2.403,284.570,0.151,10.688,3.830,0.43,84057.,18000
518,22.0,0.21,0.3607,0.1752,0.1044,0.381,1.333,2.344,283.928,0.151,10.426,3.744,0.43,84149.,18000
519,25.1,0.25,0.4009,0.1702,0.1043,0.380,1.332,2.277,283.645,0.150,10.128,3.641,0.43,84255.,18000
520,28.3,0.28,0.4388,0.1649,0.1038,0.379,1.326,2.206,282.439,0.150,9.812,3.542,0.43,84375.,18000
521,31.4,0.31,0.4744,0.1590,0.1029,0.375,1.314,2.127,279.904,0.148,9.462,3.447,0.43,84509.,18000
522,34.5,0.34,0.5080,0.1525,0.1014,0.370,1.295,2.040,275.764,0.146,9.075,3.356,0.43,84657.,18000
523,37.7,0.37,0.5391,0.1457,0.0996,0.363,1.272,1.949,270.844,0.144,8.671,3.265,0.43,84819.,18000
524,40.8,0.40,0.5681,0.1388,0.0975,0.356,1.246,1.857,265.298,0.141,8.261,3.175,0.43,84994.,18000
525,43.9,0.43,0.5945,0.1317,0.0952,0.347,1.216,1.761,258.884,0.137,7.834,3.086,0.43,85183.,18000
526,47.1,0.46,0.6190,0.1244,0.0925,0.337,1.182,1.664,251.673,0.134,7.401,2.999,0.43,85386.,18000
527,50.2,0.49,0.6408,0.1168,0.0895,0.326,1.143,1.562,243.462,0.129,6.948,2.910,0.43,85602.,18000
528,53.4,0.52,0.6601,0.1090,0.0862,0.314,1.101,1.458,234.432,0.124,6.486,2.821,0.43,85831.,18000
529,56.5,0.55,0.6767,0.1011,0.0825,0.301,1.054,1.352,224.451,0.119,6.013,2.732,0.43,86074.,18000
530,59.6,0.58,0.6901,0.0928,0.0784,0.286,1.002,1.241,213.336,0.113,5.522,2.639,0.44,86330.,18000
531,62.8,0.61,0.7007,0.0845,0.0740,0.270,0.946,1.130,201.393,0.107,5.028,2.546,0.44,86598.,18000
532,65.9,0.64,0.7071,0.0759,0.0692,0.252,0.884,1.015,188.166,0.100,4.515,2.447,0.44,86880.,18000
533,69.1,0.68,0.7089,0.0671,0.0639,0.233,0.817,0.898,173.920,0.092,3.993,2.341,0.44,87174.,18000
534,72.2,0.71,0.7042,0.0581,0.0582,0.212,0.744,0.777,158.435,0.084,3.457,2.225,0.44,87481.,18000
535,75.3,0.74,0.6899,0.0488,0.0521,0.190,0.666,0.653,141.801,0.075,2.905,2.089,0.44,87801.,18000
536,78.5,0.77,0.6604,0.0393,0.0457,0.167,0.583,0.526,124.250,0.066,2.339,1.919,0.44,88133.,18000
537,81.6,0.80,0.6069,0.0298,0.0391,0.143,0.500,0.398,106.494,0.056,1.771,1.696,0.44,88477.,18000
538,84.8,0.83,0.5123,0.0199,0.0323,0.118,0.412,0.267,87.749,0.047,1.187,1.379,0.44,88833.,18000
539,87.9,0.86,0.3419,0.0100,0.0251,0.092,0.321,0.134,68.345,0.036,0.595,0.887,0.44,89201.,18000
540,91.0,0.89,-0.0013,0.0000,0.0179,0.065,0.229,0.000,48.699,0.026,-0.002,-0.003,0.45,89581.,18000
541,0.0,0.00,0.0000,0.1997,0.0983,0.422,1.399,2.976,314.489,0.158,13.235,4.292,0.45,88457.,19000
542,3.3,0.03,0.0607,0.1973,0.0998,0.428,1.421,2.941,319.436,0.161,13.080,4.175,0.45,88464.,19000
543,6.6,0.06,0.1181,0.1947,0.1012,0.434,1.440,2.902,323.786,0.163,12.908,4.065,0.45,88487.,19000
544,9.9,0.09,0.1725,0.1917,0.1024,0.439,1.457,2.857,327.501,0.165,12.707,3.956,0.45,88524.,19000
545,13.3,0.12,0.2238,0.1883,0.1033,0.443,1.470,2.806,330.554,0.166,12.482,3.851,0.45,88577.,19000
546,16.6,0.15,0.2722,0.1845,0.1040,0.446,1.481,2.750,332.871,0.167,12.231,3.747,0.45,88644.,19000
547,19.9,0.18,0.3178,0.1803,0.1045,0.448,1.488,2.687,334.413,0.168,11.954,3.645,0.45,88727.,19000
548,23.2,0.21,0.3606,0.1758,0.1048,0.449,1.491,2.620,335.156,0.168,11.652,3.545,0.45,88824.,19000
549,26.5,0.25,0.4008,0.1708,0.1047,0.449,1.490,2.546,334.953,0.168,11.325,3.448,0.45,88936.,19000
550,29.8,0.28,0.4386,0.1655,0.1043,0.447,1.484,2.467,333.613,0.168,10.973,3.354,0.45,89063.,19000
551,33.1,0.31,0.4743,0.1597,0.1034,0.444,1.471,2.380,330.779,0.166,10.587,3.264,0.45,89205.,19000
552,36.5,0.34,0.5078,0.1532,0.1019,0.437,1.450,2.283,325.944,0.164,10.155,3.177,0.45,89361.,19000
553,39.8,0.37,0.5390,0.1464,0.1001,0.429,1.424,2.182,320.188,0.161,9.706,3.091,0.46,89532.,19000
554,43.1,0.40,0.5679,0.1394,0.0980,0.420,1.395,2.078,313.565,0.158,9.244,3.006,0.46,89717.,19000
555,46.4,0.43,0.5944,0.1323,0.0956,0.410,1.361,1.971,306.019,0.154,8.768,2.922,0.46,89917.,19000
556,49.7,0.46,0.6185,0.1248,0.0929,0.399,1.323,1.860,297.330,0.149,8.274,2.838,0.46,90130.,19000
557,53.0,0.49,0.6406,0.1173,0.0900,0.386,1.280,1.749,287.824,0.145,7.778,2.756,0.46,90359.,19000
558,56.3,0.52,0.6599,0.1095,0.0866,0.372,1.233,1.632,277.098,0.139,7.260,2.672,0.46,90601.,19000
559,59.7,0.55,0.6766,0.1015,0.0829,0.356,1.180,1.513,265.282,0.133,6.730,2.587,0.46,90857.,19000
560,63.0,0.58,0.6903,0.0933,0.0788,0.338,1.122,1.390,252.230,0.127,6.185,2.500,0.46,91127.,19000
561,66.3,0.61,0.7007,0.0849,0.0744,0.319,1.058,1.265,237.912,0.120,5.626,2.411,0.46,91411.,19000
562,69.6,0.64,0.7074,0.0763,0.0695,0.298,0.989,1.136,222.341,0.112,5.055,2.318,0.46,91709.,19000
563,72.9,0.68,0.7092,0.0674,0.0642,0.275,0.914,1.005,205.440,0.103,4.470,2.219,0.46,92019.,19000
564,76.2,0.71,0.7048,0.0584,0.0585,0.251,0.833,0.871,187.218,0.094,3.872,2.109,0.46,92344.,19000
565,79.5,0.74,0.6911,0.0492,0.0524,0.225,0.746,0.733,167.676,0.084,3.258,1.982,0.46,92681.,19000
566,82.9,0.77,0.6707,0.0397,0.0454,0.195,0.647,0.592,145.379,0.073,2.632,1.846,0.47,93032.,19000
567,86.2,0.80,0.6170,0.0300,0.0389,0.167,0.553,0.448,124.341,0.062,1.991,1.633,0.47,93395.,19000
568,89.5,0.83,0.5251,0.0203,0.0320,0.137,0.455,0.302,102.301,0.051,1.343,1.338,0.47,93771.,19000
569,92.8,0.86,0.3530,0.0102,0.0249,0.107,0.354,0.152,79.626,0.040,0.677,0.868,0.47,94160.,19000
570,96.1,0.89,-0.0024,0.0000,0.0176,0.076,0.251,-0.001,56.343,0.028,-0.003,-0.006,0.47,94561.,19000
571,0.0,0.00,0.0000,0.1999,0.0977,0.489,1.540,3.302,364.404,0.174,14.687,4.110,0.48,93112.,20000
572,3.5,0.03,0.0612,0.1978,0.0993,0.497,1.566,3.266,370.543,0.177,14.526,3.998,0.48,93120.,20000
573,7.0,0.06,0.1191,0.1952,0.1007,0.504,1.588,3.223,375.866,0.179,14.338,3.890,0.48,93144.,20000
574,10.5,0.09,0.1738,0.1922,0.1019,0.510,1.607,3.175,380.379,0.182,14.121,3.785,0.48,93184.,20000
575,14.0,0.12,0.2256,0.1889,0.1029,0.515,1.623,3.120,384.081,0.183,13.877,3.684,0.48,93239.,20000
576,17.5,0.15,0.2744,0.1852,0.1037,0.519,1.635,3.058,386.907,0.185,13.604,3.585,0.48,93310.,20000
577,20.9,0.18,0.3203,0.1810,0.1042,0.521,1.643,2.989,388.755,0.186,13.297,3.488,0.48,93397.,20000
578,24.4,0.22,0.3634,0.1765,0.1044,0.523,1.647,2.915,389.696,0.186,12.964,3.392,0.48,93499.,20000
579,27.9,0.25,0.4038,0.1715,0.1044,0.523,1.647,2.833,389.649,0.186,12.601,3.298,0.48,93618.,20000
580,31.4,0.28,0.4415,0.1662,0.1041,0.521,1.641,2.744,388.413,0.185,12.207,3.205,0.48,93751.,20000
581,34.9,0.31,0.4770,0.1604,0.1033,0.517,1.629,2.648,385.417,0.184,11.778,3.116,0.48,93901.,20000
582,38.4,0.34,0.5109,0.1538,0.1017,0.509,1.605,2.540,379.681,0.181,11.300,3.035,0.48,94065.,20000
583,41.9,0.37,0.5428,0.1470,0.0999,0.500,1.575,2.428,372.642,0.178,10.800,2.955,0.48,94245.,20000
584,45.4,0.40,0.5724,0.1401,0.0977,0.489,1.541,2.313,364.642,0.174,10.288,2.877,0.48,94441.,20000
585,48.9,0.43,0.5998,0.1329,0.0953,0.477,1.503,2.194,355.567,0.170,9.760,2.799,0.48,94651.,20000
586,52.4,0.46,0.6248,0.1255,0.0926,0.463,1.460,2.072,345.373,0.165,9.218,2.722,0.48,94877.,20000
587,55.9,0.49,0.6471,0.1179,0.0895,0.448,1.412,1.947,334.098,0.160,8.658,2.643,0.48,95117.,20000
588,59.3,0.52,0.6667,0.1100,0.0862,0.431,1.359,1.817,321.610,0.154,8.082,2.562,0.48,95372.,20000
589,62.8,0.55,0.6836,0.1020,0.0825,0.413,1.301,1.684,307.783,0.147,7.490,2.481,0.48,95642.,20000
590,66.3,0.58,0.6976,0.0937,0.0784,0.392,1.236,1.547,292.584,0.140,6.883,2.399,0.48,95927.,20000
591,69.8,0.61,0.7083,0.0852,0.0739,0.370,1.166,1.408,275.945,0.132,6.262,2.314,0.49,96226.,20000
592,73.3,0.65,0.7152,0.0766,0.0691,0.346,1.089,1.265,257.804,0.123,5.626,2.225,0.49,96540.,20000
593,76.8,0.68,0.7173,0.0677,0.0638,0.319,1.006,1.118,238.083,0.114,4.974,2.130,0.49,96867.,20000
594,80.3,0.71,0.7166,0.0588,0.0579,0.290,0.913,0.970,216.160,0.103,4.315,2.036,0.49,97209.,20000
595,83.8,0.74,0.7030,0.0494,0.0518,0.259,0.817,0.816,193.425,0.092,3.630,1.914,0.49,97565.,20000
596,87.3,0.77,0.6743,0.0399,0.0454,0.227,0.716,0.658,169.427,0.081,2.928,1.762,0.49,97934.,20000
597,90.8,0.80,0.6202,0.0301,0.0388,0.194,0.612,0.497,144.755,0.069,2.212,1.559,0.49,98317.,20000
598,94.3,0.83,0.5255,0.0203,0.0320,0.160,0.505,0.335,119.431,0.057,1.489,1.272,0.49,98714.,20000
599,97.7,0.86,0.3522,0.0102,0.0249,0.124,0.392,0.168,92.744,0.044,0.748,0.822,0.49,99124.,20000
600,101.2,0.89,-0.0023,0.0000,0.0175,0.088,0.276,-0.001,65.340,0.031,-0.003,-0.005,0.49,99546.,20000
601,0.0,0.00,0.0000,0.2002,0.0975,0.565,1.695,3.645,421.150,0.191,16.211,3.925,0.50,97768.,21000
602,3.7,0.03,0.0613,0.1982,0.0992,0.575,1.725,3.608,428.670,0.195,16.047,3.817,0.50,97776.,21000
603,7.3,0.06,0.1193,0.1957,0.1008,0.584,1.752,3.563,435.241,0.198,15.849,3.713,0.50,97801.,21000
604,11.0,0.09,0.1741,0.1928,0.1020,0.591,1.774,3.511,440.766,0.200,15.616,3.613,0.50,97843.,21000
605,14.7,0.12,0.2260,0.1896,0.1031,0.597,1.792,3.452,445.336,0.202,15.356,3.516,0.50,97901.,21000
606,18.3,0.15,0.2748,0.1859,0.1039,0.602,1.806,3.384,448.798,0.204,15.054,3.420,0.50,97975.,21000
607,22.0,0.18,0.3208,0.1818,0.1044,0.605,1.816,3.310,451.160,0.205,14.723,3.328,0.50,98067.,21000
608,25.7,0.21,0.3640,0.1773,0.1047,0.607,1.821,3.228,452.371,0.206,14.359,3.237,0.50,98174.,21000
609,29.3,0.25,0.4044,0.1723,0.1047,0.606,1.820,3.137,452.245,0.206,13.954,3.146,0.50,98298.,21000
610,33.0,0.28,0.4424,0.1671,0.1044,0.605,1.815,3.042,450.948,0.205,13.530,3.060,0.50,98438.,21000
611,36.6,0.31,0.4780,0.1613,0.1036,0.600,1.801,2.936,447.558,0.204,13.059,2.975,0.50,98595.,21000
612,40.3,0.34,0.5120,0.1548,0.1021,0.592,1.775,2.818,441.095,0.201,12.533,2.897,0.50,98768.,21000
613,44.0,0.37,0.5440,0.1479,0.1002,0.581,1.742,2.693,432.909,0.197,11.979,2.822,0.50,98957.,21000
614,47.6,0.40,0.5736,0.1408,0.0980,0.568,1.704,2.564,423.475,0.193,11.404,2.746,0.50,99162.,21000
615,51.3,0.43,0.6010,0.1336,0.0956,0.554,1.662,2.433,412.956,0.188,10.821,2.672,0.50,99383.,21000
616,55.0,0.46,0.6261,0.1262,0.0928,0.538,1.614,2.297,401.068,0.182,10.218,2.598,0.51,99619.,21000
617,58.6,0.49,0.6487,0.1186,0.0898,0.520,1.562,2.160,388.130,0.176,9.606,2.524,0.51,99872.,21000
618,62.3,0.52,0.6684,0.1107,0.0865,0.501,1.504,2.016,373.608,0.170,8.966,2.447,0.51,100140.,21000
619,66.0,0.55,0.6853,0.1026,0.0828,0.479,1.439,1.868,357.535,0.163,8.309,2.370,0.51,100423.,21000
620,69.6,0.58,0.6995,0.0943,0.0787,0.456,1.368,1.717,339.941,0.155,7.639,2.291,0.51,100722.,21000
621,73.3,0.61,0.7170,0.0860,0.0737,0.427,1.281,1.566,318.357,0.145,6.967,2.232,0.51,101036.,21000
622,77.0,0.64,0.7243,0.0774,0.0689,0.399,1.198,1.408,297.576,0.135,6.265,2.147,0.51,101365.,21000
623,80.6,0.68,0.7266,0.0684,0.0636,0.369,1.106,1.245,274.794,0.125,5.540,2.056,0.51,101709.,21000
624,84.3,0.71,0.7227,0.0593,0.0579,0.336,1.007,1.079,250.273,0.114,4.800,1.956,0.51,102067.,21000
625,87.9,0.74,0.7095,0.0499,0.0519,0.300,0.902,0.909,224.014,0.102,4.042,1.840,0.51,102440.,21000
626,91.6,0.77,0.6814,0.0403,0.0454,0.263,0.790,0.734,196.336,0.089,3.267,1.697,0.51,102828.,21000
627,95.3,0.80,0.6275,0.0305,0.0388,0.225,0.674,0.555,167.583,0.076,2.469,1.502,0.52,103230.,21000
628,98.9,0.83,0.5322,0.0205,0.0320,0.185,0.556,0.373,138.081,0.063,1.661,1.227,0.52,103646.,21000
629,102.6,0.86,0.3594,0.0104,0.0249,0.144,0.432,0.189,107.419,0.049,0.842,0.799,0.52,104076.,21000
630,106.3,0.89,-0.0023,0.0000,0.0175,0.102,0.305,-0.001,75.751,0.034,-0.004,-0.005,0.52,104520.,21000
631,0.0,0.00,0.0000,0.2009,0.0976,0.650,1.862,4.015,484.549,0.210,17.860,3.759,0.52,102424.,22000
632,3.8,0.03,0.0615,0.1991,0.0994,0.662,1.896,3.978,493.645,0.214,17.692,3.655,0.52,102432.,22000
633,7.7,0.06,0.1196,0.1967,0.1010,0.673,1.927,3.930,501.553,0.218,17.482,3.554,0.52,102458.,22000
634,11.5,0.09,0.1745,0.1939,0.1023,0.682,1.952,3.874,508.220,0.221,17.232,3.458,0.52,102502.,22000
635,15.4,0.12,0.2264,0.1906,0.1034,0.689,1.973,3.810,513.642,0.223,16.945,3.364,0.52,102563.,22000
636,19.2,0.15,0.2754,0.1870,0.1043,0.694,1.989,3.737,517.831,0.225,16.621,3.273,0.52,102641.,22000
637,23.0,0.18,0.3215,0.1829,0.1048,0.698,2.000,3.655,520.664,0.226,16.259,3.184,0.52,102736.,22000
638,26.9,0.21,0.3648,0.1784,0.1051,0.700,2.006,3.566,522.119,0.227,15.860,3.097,0.52,102849.,22000
639,30.7,0.25,0.4054,0.1735,0.1051,0.700,2.006,3.466,522.055,0.227,15.418,3.012,0.53,102979.,22000
640,34.5,0.28,0.4435,0.1682,0.1048,0.698,2.000,3.360,520.467,0.226,14.946,2.928,0.53,103126.,22000
641,38.4,0.31,0.4793,0.1623,0.1040,0.693,1.984,3.244,516.548,0.224,14.428,2.848,0.53,103290.,22000
642,42.2,0.34,0.5134,0.1558,0.1025,0.683,1.956,3.113,509.031,0.221,13.847,2.774,0.53,103471.,22000
643,46.1,0.37,0.5456,0.1489,0.1006,0.670,1.919,2.975,499.470,0.217,13.234,2.702,0.53,103668.,22000
644,49.9,0.40,0.5755,0.1418,0.0984,0.655,1.877,2.834,488.575,0.212,12.605,2.631,0.53,103883.,22000
645,53.7,0.43,0.6032,0.1346,0.0959,0.639,1.830,2.689,476.259,0.207,11.959,2.561,0.53,104114.,22000
646,57.6,0.46,0.6287,0.1271,0.0931,0.620,1.777,2.539,462.446,0.201,11.295,2.491,0.53,104362.,22000
647,61.4,0.49,0.6542,0.1196,0.0898,0.598,1.713,2.389,445.979,0.194,10.627,2.430,0.53,104626.,22000
648,65.2,0.52,0.6742,0.1116,0.0864,0.576,1.649,2.231,429.283,0.186,9.922,2.357,0.53,104907.,22000
649,69.1,0.55,0.6916,0.1035,0.0827,0.551,1.578,2.068,410.812,0.178,9.199,2.283,0.53,105204.,22000
650,72.9,0.58,0.7061,0.0952,0.0786,0.524,1.500,1.902,390.531,0.170,8.458,2.208,0.53,105517.,22000
651,76.8,0.61,0.7173,0.0866,0.0742,0.494,1.415,1.731,368.309,0.160,7.698,2.131,0.53,105845.,22000
652,80.6,0.64,0.7246,0.0778,0.0693,0.461,1.322,1.555,344.024,0.149,6.918,2.051,0.53,106190.,22000
653,84.4,0.68,0.7272,0.0689,0.0640,0.426,1.221,1.377,317.896,0.138,6.124,1.964,0.54,106550.,22000
654,88.3,0.71,0.7234,0.0597,0.0583,0.388,1.112,1.193,289.462,0.126,5.306,1.869,0.54,106925.,22000
655,92.1,0.74,0.7103,0.0503,0.0522,0.347,0.995,1.005,259.061,0.112,4.469,1.759,0.54,107316.,22000
656,96.0,0.77,0.6826,0.0406,0.0457,0.304,0.872,0.812,226.974,0.099,3.612,1.623,0.54,107722.,22000
657,99.8,0.80,0.6301,0.0308,0.0391,0.260,0.745,0.616,193.960,0.084,2.739,1.440,0.54,108143.,22000
658,103.6,0.83,0.5343,0.0207,0.0322,0.214,0.613,0.414,159.689,0.069,1.842,1.176,0.54,108579.,22000
659,107.5,0.86,0.3595,0.0104,0.0250,0.166,0.477,0.209,124.065,0.054,0.928,0.763,0.54,109029.,22000
660,111.3,0.89,-0.0023,0.0000,0.0176,0.117,0.336,-0.001,87.589,0.038,-0.004,-0.005,0.54,109494.,22000
661,0.0,0.00,0.0000,0.2021,0.0985,0.750,2.054,4.413,559.066,0.232,19.631,3.581,0.55,107079.,23000
662,4.0,0.03,0.0613,0.2003,0.1004,0.764,2.094,4.374,569.808,0.237,19.454,3.481,0.55,107088.,23000
663,8.0,0.06,0.1192,0.1979,0.1020,0.776,2.128,4.323,578.980,0.240,19.227,3.386,0.55,107116.,23000
664,12.0,0.09,0.1739,0.1951,0.1034,0.787,2.156,4.261,586.660,0.244,18.954,3.294,0.55,107161.,23000
665,16.1,0.12,0.2256,0.1919,0.1045,0.795,2.179,4.190,592.859,0.246,18.638,3.206,0.55,107225.,23000
666,20.1,0.15,0.2745,0.1882,0.1053,0.801,2.196,4.110,597.583,0.248,18.281,3.119,0.55,107306.,23000
667,24.1,0.18,0.3205,0.1841,0.1058,0.806,2.207,4.020,600.727,0.249,17.882,3.035,0.55,107406.,23000
668,28.1,0.21,0.3638,0.1796,0.1061,0.808,2.213,3.921,602.257,0.250,17.442,2.953,0.55,107524.,23000
669,32.1,0.25,0.4044,0.1746,0.1061,0.807,2.213,3.813,602.089,0.250,16.960,2.872,0.55,107660.,23000
670,36.1,0.28,0.4424,0.1692,0.1057,0.805,2.205,3.695,600.022,0.249,16.435,2.793,0.55,107814.,23000
671,40.1,0.31,0.4782,0.1633,0.1049,0.798,2.188,3.567,595.306,0.247,15.864,2.717,0.55,107985.,23000
672,44.2,0.34,0.5124,0.1567,0.1033,0.786,2.155,3.423,586.400,0.243,15.224,2.647,0.55,108174.,23000
673,48.2,0.37,0.5447,0.1498,0.1014,0.771,2.114,3.271,575.210,0.239,14.551,2.580,0.55,108381.,23000
674,52.2,0.40,0.5770,0.1428,0.0989,0.752,2.062,3.120,561.014,0.233,13.876,2.522,0.55,108606.,23000
675,56.2,0.43,0.6050,0.1355,0.0963,0.733,2.009,2.960,546.730,0.227,13.167,2.456,0.55,108848.,23000
676,60.2,0.46,0.6309,0.1280,0.0935,0.712,1.950,2.796,530.625,0.220,12.437,2.390,0.55,109107.,23000
677,64.2,0.49,0.6540,0.1203,0.0904,0.688,1.885,2.627,512.940,0.213,11.685,2.323,0.55,109383.,23000
678,68.2,0.52,0.6742,0.1123,0.0870,0.662,1.814,2.453,493.662,0.205,10.910,2.254,0.55,109677.,23000
679,72.2,0.55,0.6916,0.1041,0.0832,0.634,1.736,2.274,472.413,0.196,10.116,2.184,0.56,109987.,23000
680,76.3,0.58,0.7062,0.0958,0.0791,0.602,1.650,2.091,449.058,0.186,9.302,2.112,0.56,110315.,23000
681,80.3,0.61,0.7175,0.0871,0.0746,0.568,1.556,1.903,423.406,0.176,8.466,2.039,0.56,110658.,23000
682,84.3,0.64,0.7250,0.0783,0.0697,0.530,1.454,1.711,395.545,0.164,7.610,1.962,0.56,111019.,23000
683,88.3,0.68,0.7277,0.0693,0.0644,0.490,1.342,1.514,365.316,0.152,6.734,1.880,0.56,111395.,23000
684,92.3,0.71,0.7242,0.0601,0.0587,0.446,1.223,1.313,332.905,0.138,5.842,1.789,0.56,111788.,23000
685,96.3,0.74,0.7112,0.0506,0.0525,0.399,1.095,1.106,297.857,0.124,4.919,1.684,0.56,112197.,23000
686,100.3,0.77,0.6837,0.0409,0.0460,0.350,0.959,0.894,260.948,0.108,3.977,1.554,0.56,112622.,23000
687,104.4,0.80,0.6310,0.0310,0.0392,0.298,0.817,0.676,222.390,0.092,3.008,1.379,0.56,113062.,23000
688,108.4,0.83,0.5355,0.0209,0.0323,0.246,0.674,0.456,183.322,0.076,2.026,1.127,0.57,113518.,23000
689,112.4,0.86,0.3566,0.0104,0.0250,0.190,0.522,0.227,141.991,0.059,1.008,0.724,0.57,113989.,23000
690,116.4,0.89,-0.0023,0.0000,0.0177,0.135,0.369,-0.001,100.352,0.042,-0.004,-0.005,0.57,114475.,23000
691,0.0,0.00,0.0000,0.2033,0.0996,0.861,2.261,4.835,642.042,0.255,21.504,3.415,0.57,111735.,24000
692,4.2,0.03,0.0611,0.2016,0.1016,0.878,2.306,4.794,654.844,0.261,21.325,3.321,0.57,111744.,24000
693,8.4,0.06,0.1188,0.1993,0.1032,0.892,2.344,4.739,665.467,0.265,21.080,3.230,0.57,111773.,24000
694,12.6,0.09,0.1734,0.1965,0.1046,0.904,2.375,4.672,674.283,0.268,20.782,3.143,0.57,111821.,24000
695,16.8,0.12,0.2250,0.1932,0.1057,0.914,2.399,4.594,681.299,0.271,20.435,3.059,0.57,111887.,24000
696,21.0,0.15,0.2737,0.1895,0.1065,0.921,2.418,4.506,686.589,0.273,20.043,2.977,0.57,111973.,24000
697,25.2,0.18,0.3197,0.1853,0.1070,0.925,2.430,4.407,690.030,0.275,19.604,2.897,0.57,112077.,24000
698,29.4,0.22,0.3629,0.1808,0.1073,0.927,2.435,4.299,691.583,0.275,19.120,2.819,0.57,112201.,24000
699,33.6,0.25,0.4046,0.1759,0.1070,0.925,2.429,4.182,689.776,0.274,18.602,2.750,0.57,112343.,24000
700,37.8,0.28,0.4429,0.1704,0.1065,0.921,2.419,4.053,686.953,0.273,18.026,2.676,0.57,112504.,24000
701,41.9,0.31,0.4791,0.1645,0.1056,0.913,2.398,3.911,681.011,0.271,17.398,2.605,0.57,112683.,24000
702,46.1,0.34,0.5137,0.1578,0.1040,0.899,2.361,3.753,670.387,0.267,16.694,2.539,0.57,112881.,24000
703,50.3,0.37,0.5463,0.1508,0.1019,0.881,2.315,3.587,657.290,0.262,15.955,2.475,0.58,113098.,24000
704,54.5,0.40,0.5767,0.1437,0.0996,0.861,2.262,3.416,642.408,0.256,15.196,2.412,0.58,113333.,24000
705,58.7,0.43,0.6049,0.1363,0.0970,0.839,2.203,3.241,625.641,0.249,14.416,2.350,0.58,113586.,24000
706,62.9,0.46,0.6310,0.1287,0.0941,0.814,2.137,3.061,606.910,0.241,13.614,2.287,0.58,113857.,24000
707,67.1,0.49,0.6543,0.1209,0.0909,0.786,2.065,2.875,586.465,0.233,12.789,2.224,0.58,114147.,24000
708,71.3,0.52,0.6745,0.1129,0.0875,0.757,1.987,2.684,564.301,0.225,11.939,2.157,0.58,114454.,24000
709,75.5,0.55,0.6921,0.1046,0.0837,0.724,1.901,2.488,539.818,0.215,11.067,2.091,0.58,114779.,24000
710,79.7,0.58,0.7067,0.0962,0.0795,0.688,1.806,2.287,512.958,0.204,10.174,2.022,0.58,115121.,24000
711,83.9,0.62,0.7181,0.0875,0.0750,0.648,1.703,2.081,483.578,0.192,9.258,1.952,0.58,115481.,24000
712,88.1,0.65,0.7256,0.0787,0.0700,0.606,1.590,1.870,451.555,0.180,8.319,1.879,0.58,115858.,24000
713,92.3,0.68,0.7282,0.0695,0.0646,0.559,1.467,1.653,416.631,0.166,7.354,1.800,0.58,116253.,24000
714,96.5,0.71,0.7246,0.0603,0.0588,0.509,1.336,1.433,379.349,0.151,6.373,1.713,0.59,116664.,24000
715,100.7,0.74,0.7115,0.0507,0.0526,0.455,1.194,1.205,339.107,0.135,5.361,1.612,0.59,117092.,24000
716,104.9,0.77,0.6833,0.0409,0.0460,0.398,1.045,0.972,296.628,0.118,4.323,1.486,0.59,117536.,24000
717,109.1,0.80,0.6312,0.0310,0.0392,0.339,0.891,0.736,253.003,0.101,3.275,1.320,0.59,117997.,24000
718,113.3,0.83,0.5333,0.0207,0.0322,0.279,0.732,0.492,207.849,0.083,2.189,1.074,0.59,118474.,24000
719,117.5,0.86,0.3531,0.0102,0.0250,0.216,0.567,0.244,161.058,0.064,1.083,0.686,0.59,118967.,24000
720,121.6,0.89,-0.0027,-0.0001,0.0178,0.154,0.405,-0.001,114.953,0.046,-0.006,-0.005,0.59,119475.,24000
721,0.0,0.00,0.0000,0.2046,0.1007,0.984,2.480,5.279,733.584,0.280,23.482,3.264,0.59,116391.,25000
722,4.4,0.03,0.0607,0.2031,0.1027,1.004,2.532,5.241,748.857,0.286,23.313,3.175,0.60,116400.,25000
723,8.7,0.06,0.1182,0.2009,0.1044,1.020,2.572,5.183,760.854,0.291,23.054,3.090,0.60,116430.,25000
724,13.1,0.09,0.1726,0.1981,0.1057,1.034,2.606,5.111,770.693,0.294,22.733,3.008,0.60,116480.,25000
725,17.5,0.12,0.2241,0.1948,0.1068,1.044,2.632,5.026,778.442,0.297,22.356,2.928,0.60,116549.,25000
726,21.8,0.15,0.2727,0.1911,0.1076,1.052,2.651,4.930,784.237,0.300,21.929,2.851,0.60,116638.,25000
727,26.2,0.18,0.3186,0.1869,0.1081,1.057,2.664,4.823,787.925,0.301,21.452,2.776,0.60,116746.,25000
728,30.5,0.22,0.3619,0.1823,0.1083,1.059,2.669,4.704,789.359,0.301,20.924,2.703,0.60,116874.,25000
729,34.9,0.25,0.4027,0.1773,0.1082,1.057,2.666,4.574,788.464,0.301,20.346,2.631,0.60,117022.,25000
730,39.3,0.28,0.4410,0.1718,0.1077,1.053,2.654,4.433,784.922,0.300,19.716,2.561,0.60,117189.,25000
731,43.6,0.31,0.4772,0.1658,0.1067,1.043,2.629,4.277,777.625,0.297,19.026,2.495,0.60,117375.,25000
732,48.0,0.34,0.5119,0.1591,0.1050,1.026,2.587,4.105,765.269,0.292,18.258,2.433,0.60,117581.,25000
733,52.4,0.37,0.5446,0.1521,0.1029,1.006,2.536,3.924,750.099,0.287,17.452,2.373,0.60,117806.,25000
734,56.7,0.40,0.5752,0.1448,0.1006,0.983,2.478,3.737,732.870,0.280,16.624,2.313,0.60,118050.,25000
735,61.1,0.43,0.6036,0.1374,0.0979,0.957,2.412,3.546,713.576,0.273,15.774,2.254,0.60,118313.,25000
736,65.4,0.46,0.6300,0.1298,0.0949,0.928,2.340,3.350,692.022,0.264,14.900,2.196,0.60,118595.,25000
737,69.8,0.49,0.6535,0.1220,0.0917,0.897,2.260,3.148,668.633,0.255,14.001,2.135,0.60,118895.,25000
738,74.2,0.52,0.6738,0.1139,0.0883,0.863,2.175,2.940,643.432,0.246,13.076,2.072,0.60,119214.,25000
739,78.5,0.55,0.6915,0.1057,0.0845,0.826,2.082,2.727,615.716,0.235,12.128,2.008,0.60,119552.,25000
740,82.9,0.58,0.7064,0.0972,0.0803,0.785,1.979,2.508,585.324,0.224,11.156,1.944,0.61,119908.,25000
741,87.3,0.61,0.7180,0.0885,0.0757,0.740,1.866,2.284,551.914,0.211,10.158,1.877,0.61,120281.,25000
742,91.6,0.65,0.7258,0.0796,0.0708,0.692,1.743,2.054,515.677,0.197,9.138,1.807,0.61,120673.,25000
743,96.0,0.68,0.7290,0.0705,0.0654,0.639,1.611,1.820,476.438,0.182,8.094,1.732,0.61,121083.,25000
744,100.3,0.71,0.7258,0.0611,0.0595,0.582,1.466,1.578,433.717,0.166,7.017,1.650,0.61,121510.,25000
745,104.7,0.74,0.7136,0.0516,0.0533,0.521,1.313,1.331,388.374,0.148,5.920,1.554,0.61,121954.,25000
746,109.1,0.77,0.6871,0.0418,0.0467,0.456,1.151,1.078,340.339,0.130,4.795,1.437,0.61,122416.,25000
747,113.4,0.80,0.6365,0.0317,0.0398,0.389,0.981,0.819,290.288,0.111,3.643,1.280,0.61,122894.,25000
748,117.8,0.83,0.5406,0.0214,0.0328,0.320,0.807,0.551,238.734,0.091,2.451,1.047,0.62,123390.,25000
749,122.2,0.86,0.3635,0.0108,0.0255,0.249,0.628,0.278,185.677,0.071,1.236,0.679,0.62,123902.,25000
750,126.5,0.89,-0.0010,0.0000,0.0180,0.176,0.444,-0.001,131.460,0.050,-0.002,-0.002,0.62,124430.,25000
751,0.0,0.00,0.0000,0.2058,0.1019,1.121,2.716,5.743,835.618,0.307,25.545,3.117,0.62,121046.,26000
752,4.5,0.03,0.0603,0.2047,0.1043,1.147,2.780,5.713,855.080,0.314,25.411,3.030,0.62,121056.,26000
753,9.1,0.06,0.1174,0.2026,0.1060,1.166,2.825,5.653,869.121,0.319,25.144,2.950,0.62,121087.,26000
754,13.6,0.09,0.1714,0.1998,0.1074,1.181,2.862,5.575,880.346,0.323,24.798,2.872,0.62,121139.,26000
755,18.2,0.12,0.2226,0.1964,0.1084,1.192,2.889,5.482,888.859,0.326,24.386,2.798,0.62,121211.,26000
756,22.7,0.15,0.2711,0.1927,0.1092,1.200,2.910,5.377,895.056,0.329,23.919,2.725,0.62,121303.,26000
757,27.2,0.18,0.3168,0.1885,0.1096,1.205,2.922,5.260,898.832,0.330,23.396,2.654,0.62,121416.,26000
758,31.8,0.22,0.3600,0.1839,0.1098,1.207,2.927,5.132,900.403,0.331,22.826,2.585,0.62,121549.,26000
759,36.3,0.25,0.4007,0.1788,0.1096,1.205,2.922,4.989,898.852,0.330,22.192,2.518,0.62,121703.,26000
760,40.8,0.28,0.4390,0.1732,0.1091,1.199,2.907,4.834,894.307,0.328,21.503,2.452,0.62,121877.,26000
761,45.4,0.31,0.4753,0.1672,0.1080,1.188,2.879,4.666,885.706,0.325,20.753,2.389,0.62,122070.,26000
762,49.9,0.34,0.5102,0.1604,0.1062,1.168,2.831,4.476,870.945,0.320,19.911,2.331,0.62,122284.,26000
763,54.5,0.37,0.5430,0.1533,0.1041,1.144,2.773,4.279,853.162,0.313,19.032,2.275,0.62,122518.,26000
764,59.0,0.40,0.5739,0.1460,0.1016,1.117,2.708,4.075,833.022,0.306,18.128,2.219,0.62,122772.,26000
765,63.5,0.43,0.6027,0.1385,0.0988,1.087,2.634,3.866,810.378,0.298,17.198,2.164,0.62,123046.,26000
766,68.1,0.46,0.6294,0.1309,0.0958,1.053,2.553,3.652,785.438,0.288,16.245,2.109,0.63,123339.,26000
767,72.6,0.49,0.6532,0.1230,0.0925,1.017,2.466,3.432,758.619,0.279,15.266,2.052,0.63,123651.,26000
768,77.1,0.52,0.6736,0.1148,0.0890,0.979,2.373,3.205,729.921,0.268,14.257,1.992,0.63,123983.,26000
769,81.7,0.55,0.6914,0.1065,0.0852,0.936,2.270,2.973,698.305,0.256,13.222,1.931,0.63,124334.,26000
770,86.2,0.58,0.7064,0.0980,0.0810,0.890,2.158,2.736,663.970,0.244,12.168,1.869,0.63,124704.,26000
771,90.8,0.61,0.7182,0.0893,0.0764,0.840,2.036,2.492,626.207,0.230,11.084,1.805,0.63,125093.,26000
772,95.3,0.65,0.7262,0.0803,0.0713,0.784,1.901,2.242,584.937,0.215,9.972,1.738,0.63,125501.,26000
773,99.8,0.68,0.7296,0.0712,0.0659,0.725,1.756,1.986,540.315,0.198,8.833,1.667,0.63,125926.,26000
774,104.4,0.71,0.7268,0.0618,0.0601,0.660,1.601,1.725,492.464,0.181,7.671,1.588,0.63,126371.,26000
775,108.9,0.74,0.7150,0.0522,0.0538,0.591,1.434,1.456,441.011,0.162,6.476,1.497,0.64,126833.,26000
776,113.4,0.77,0.6890,0.0423,0.0472,0.518,1.257,1.181,386.559,0.142,5.251,1.385,0.64,127313.,26000
777,118.0,0.80,0.6386,0.0321,0.0401,0.441,1.070,0.896,329.140,0.121,3.985,1.235,0.64,127811.,26000
778,122.5,0.83,0.5431,0.0217,0.0331,0.364,0.882,0.605,271.184,0.100,2.689,1.011,0.64,128326.,26000
779,127.1,0.86,0.3660,0.0110,0.0258,0.283,0.686,0.306,211.148,0.078,1.361,0.657,0.64,128859.,26000
780,131.6,0.89,-0.0015,0.0000,0.0183,0.201,0.487,-0.001,149.678,0.055,-0.004,-0.003,0.64,129408.,26000
781,0.0,0.00,0.0000,0.2070,0.1034,1.273,2.972,6.230,949.295,0.336,27.710,2.977,0.64,125702.,27000
782,4.7,0.03,0.0598,0.2063,0.1059,1.304,3.043,6.210,972.147,0.344,27.623,2.897,0.64,125712.,27000
783,9.4,0.06,0.1165,0.2046,0.1078,1.328,3.099,6.157,989.959,0.350,27.384,2.821,0.64,125744.,27000
784,14.1,0.09,0.1703,0.2018,0.1092,1.344,3.137,6.073,1002.281,0.354,27.014,2.748,0.64,125798.,27000
785,18.8,0.12,0.2212,0.1984,0.1102,1.357,3.167,5.973,1011.576,0.358,26.566,2.678,0.64,125872.,27000
786,23.6,0.15,0.2694,0.1946,0.1109,1.366,3.188,5.858,1018.339,0.360,26.057,2.609,0.64,125968.,27000
787,28.3,0.18,0.3150,0.1904,0.1113,1.371,3.200,5.730,1022.244,0.362,25.486,2.542,0.64,126085.,27000
788,33.0,0.21,0.3581,0.1857,0.1114,1.372,3.203,5.588,1023.075,0.362,24.855,2.477,0.64,126224.,27000
789,37.7,0.25,0.3996,0.1805,0.1110,1.366,3.189,5.433,1018.673,0.360,24.165,2.419,0.64,126383.,27000
790,42.4,0.28,0.4380,0.1749,0.1104,1.359,3.172,5.264,1013.174,0.358,23.412,2.356,0.65,126563.,27000
791,47.1,0.31,0.4743,0.1688,0.1093,1.345,3.140,5.079,1003.086,0.355,22.593,2.297,0.65,126765.,27000
792,51.8,0.34,0.5093,0.1620,0.1074,1.323,3.088,4.876,986.392,0.349,21.688,2.242,0.65,126987.,27000
793,56.5,0.37,0.5422,0.1548,0.1052,1.295,3.023,4.659,965.841,0.342,20.724,2.188,0.65,127230.,27000
794,61.2,0.40,0.5731,0.1474,0.1027,1.264,2.951,4.437,942.738,0.333,19.737,2.135,0.65,127493.,27000
795,65.9,0.43,0.6020,0.1398,0.0999,1.230,2.870,4.209,916.846,0.324,18.722,2.082,0.65,127777.,27000
796,70.7,0.46,0.6287,0.1321,0.0968,1.192,2.781,3.976,888.531,0.314,17.685,2.030,0.65,128081.,27000
797,75.4,0.49,0.6527,0.1242,0.0935,1.151,2.686,3.737,858.000,0.303,16.621,1.975,0.65,128405.,27000
798,80.1,0.52,0.6733,0.1160,0.0899,1.107,2.584,3.490,825.515,0.292,15.525,1.918,0.65,128750.,27000
799,84.8,0.55,0.6913,0.1076,0.0860,1.059,2.473,3.238,789.882,0.279,14.404,1.860,0.65,129114.,27000
800,89.5,0.58,0.7064,0.0990,0.0818,1.007,2.350,2.980,750.812,0.266,13.256,1.800,0.65,129498.,27000
801,94.2,0.61,0.7184,0.0902,0.0771,0.949,2.216,2.714,707.911,0.250,12.074,1.739,0.65,129901.,27000
802,98.9,0.64,0.7266,0.0812,0.0720,0.887,2.070,2.443,661.345,0.234,10.865,1.675,0.66,130324.,27000
803,103.6,0.68,0.7302,0.0720,0.0666,0.820,1.913,2.166,611.219,0.216,9.634,1.607,0.66,130766.,27000
804,108.3,0.71,0.7277,0.0625,0.0607,0.747,1.743,1.881,556.851,0.197,8.366,1.532,0.66,131227.,27000
805,113.1,0.74,0.7163,0.0528,0.0543,0.669,1.562,1.589,498.852,0.176,7.070,1.445,0.66,131707.,27000
806,117.8,0.77,0.6910,0.0429,0.0476,0.587,1.369,1.291,437.420,0.155,5.741,1.338,0.66,132205.,27000
807,122.5,0.80,0.6414,0.0326,0.0406,0.499,1.166,0.981,372.421,0.132,4.363,1.195,0.66,132722.,27000
808,127.2,0.83,0.5464,0.0220,0.0334,0.412,0.961,0.663,307.036,0.109,2.950,0.980,0.66,133256.,27000
809,131.9,0.86,0.3668,0.0111,0.0260,0.321,0.748,0.334,239.086,0.085,1.487,0.634,0.67,133809.,27000
810,136.6,0.89,-0.0025,-0.0001,0.0182,0.225,0.524,-0.002,167.482,0.059,-0.007,-0.004,0.67,134379.,27000
811,0.0,0.00,0.0000,0.2082,0.1052,1.445,3.253,6.740,1077.633,0.368,29.981,2.837,0.67,130357.,28000
812,4.9,0.03,0.0594,0.2079,0.1076,1.477,3.325,6.730,1101.407,0.376,29.934,2.771,0.67,130368.,28000
813,9.8,0.06,0.1157,0.2071,0.1099,1.510,3.398,6.702,1125.672,0.384,29.810,2.700,0.67,130402.,28000
814,14.7,0.09,0.1692,0.2044,0.1113,1.528,3.440,6.615,1139.623,0.389,29.423,2.633,0.67,130457.,28000
815,19.6,0.12,0.2200,0.2010,0.1123,1.542,3.471,6.506,1149.739,0.392,28.938,2.567,0.67,130535.,28000
816,24.4,0.15,0.2680,0.1971,0.1130,1.551,3.492,6.380,1156.847,0.395,28.380,2.502,0.67,130634.,28000
817,29.3,0.18,0.3135,0.1928,0.1134,1.557,3.504,6.240,1160.731,0.396,27.755,2.438,0.67,130756.,28000
818,34.2,0.22,0.3565,0.1879,0.1134,1.557,3.504,6.083,1160.954,0.396,27.057,2.377,0.67,130899.,28000
819,39.1,0.25,0.3971,0.1827,0.1131,1.552,3.494,5.912,1157.682,0.395,26.297,2.316,0.67,131065.,28000
820,44.0,0.28,0.4354,0.1769,0.1123,1.543,3.472,5.726,1150.272,0.392,25.469,2.258,0.67,131252.,28000
821,48.9,0.31,0.4719,0.1707,0.1111,1.526,3.434,5.524,1137.585,0.388,24.569,2.202,0.67,131461.,28000
822,53.8,0.34,0.5070,0.1637,0.1091,1.498,3.372,5.297,1116.990,0.381,23.562,2.151,0.67,131691.,28000
823,58.7,0.37,0.5403,0.1564,0.1067,1.465,3.298,5.061,1092.559,0.373,22.511,2.101,0.67,131944.,28000
824,63.5,0.40,0.5716,0.1488,0.1040,1.428,3.215,4.818,1065.005,0.363,21.430,2.052,0.67,132217.,28000
825,68.4,0.43,0.6010,0.1411,0.1010,1.387,3.122,4.568,1034.336,0.353,20.320,2.003,0.67,132512.,28000
826,73.3,0.46,0.6281,0.1333,0.0978,1.343,3.023,4.315,1001.445,0.342,19.191,1.954,0.67,132827.,28000
827,78.2,0.49,0.6524,0.1253,0.0944,1.296,2.918,4.055,966.591,0.330,18.037,1.903,0.67,133164.,28000
828,83.1,0.52,0.6731,0.1170,0.0908,1.247,2.807,3.788,929.839,0.317,16.849,1.848,0.68,133522.,28000
829,88.0,0.55,0.6912,0.1086,0.0869,1.193,2.684,3.514,889.338,0.303,15.630,1.792,0.68,133900.,28000
830,92.9,0.58,0.7065,0.0999,0.0825,1.133,2.551,3.233,845.048,0.288,14.381,1.735,0.68,134298.,28000
831,97.8,0.61,0.7187,0.0910,0.0778,1.069,2.406,2.947,796.953,0.272,13.107,1.677,0.68,134717.,28000
832,102.6,0.65,0.7337,0.0821,0.0722,0.991,2.230,2.656,738.900,0.252,11.814,1.630,0.68,135156.,28000
833,107.5,0.68,0.7381,0.0727,0.0666,0.914,2.057,2.352,681.547,0.232,10.464,1.566,0.68,135615.,28000
834,112.4,0.71,0.7364,0.0631,0.0606,0.831,1.872,2.042,620.024,0.211,9.085,1.494,0.68,136093.,28000
835,117.3,0.74,0.7260,0.0533,0.0542,0.744,1.675,1.727,554.823,0.189,7.680,1.412,0.68,136591.,28000
836,122.2,0.77,0.7006,0.0432,0.0474,0.650,1.464,1.398,484.988,0.165,6.220,1.308,0.69,137109.,28000
837,127.1,0.80,0.6609,0.0330,0.0399,0.548,1.233,1.068,408.362,0.139,4.751,1.186,0.69,137645.,28000
838,132.0,0.83,0.5642,0.0223,0.0328,0.450,1.013,0.722,335.718,0.114,3.210,0.975,0.69,138200.,28000
839,136.9,0.86,0.3807,0.0114,0.0257,0.353,0.794,0.368,263.037,0.090,1.637,0.634,0.69,138774.,28000
840,141.7,0.89,-0.0026,-0.0001,0.0183,0.251,0.566,-0.002,187.436,0.064,-0.008,-0.004,0.69,139366.,28000
841,0.0,0.00,0.0000,0.2090,0.1091,1.664,3.617,7.256,1241.000,0.409,32.274,2.652,0.69,135013.,29000
842,5.1,0.03,0.0582,0.2091,0.1102,1.681,3.654,7.260,1253.869,0.413,32.291,2.626,0.69,135024.,29000
843,10.1,0.06,0.1145,0.2088,0.1120,1.708,3.713,7.251,1273.887,0.419,32.251,2.582,0.69,135059.,29000
844,15.2,0.09,0.1668,0.2078,0.1148,1.751,3.805,7.217,1305.600,0.430,32.099,2.507,0.69,135116.,29000
845,20.2,0.12,0.2175,0.2043,0.1153,1.759,3.824,7.093,1312.003,0.432,31.549,2.452,0.69,135196.,29000
846,25.3,0.15,0.2649,0.2002,0.1160,1.770,3.846,6.951,1319.620,0.435,30.919,2.389,0.69,135299.,29000
847,30.3,0.18,0.3102,0.1957,0.1162,1.773,3.853,6.796,1322.184,0.435,30.228,2.331,0.69,135425.,29000
848,35.4,0.21,0.3504,0.1914,0.1174,1.791,3.892,6.646,1335.346,0.440,29.561,2.257,0.69,135573.,29000
849,40.5,0.25,0.3940,0.1853,0.1155,1.762,3.828,6.432,1313.586,0.433,28.611,2.221,0.69,135744.,29000
850,45.5,0.28,0.4335,0.1794,0.1144,1.745,3.792,6.230,1300.987,0.428,27.711,2.172,0.69,135938.,29000
851,50.6,0.31,0.4700,0.1728,0.1129,1.722,3.742,6.001,1284.117,0.423,26.691,2.120,0.69,136154.,29000
852,55.6,0.34,0.5071,0.1658,0.1104,1.685,3.661,5.758,1256.204,0.414,25.610,2.079,0.69,136393.,29000
853,60.7,0.37,0.5408,0.1587,0.1081,1.650,3.585,5.511,1230.118,0.405,24.514,2.032,0.69,136653.,29000
854,65.8,0.40,0.5732,0.1507,0.1049,1.601,3.479,5.232,1193.583,0.393,23.271,1.988,0.70,136936.,29000
855,70.8,0.43,0.6033,0.1429,0.1018,1.553,3.376,4.963,1158.430,0.381,22.075,1.943,0.70,137241.,29000
856,75.9,0.46,0.6311,0.1350,0.0985,1.503,3.266,4.687,1120.464,0.369,20.847,1.897,0.70,137567.,29000
857,80.9,0.49,0.6560,0.1269,0.0950,1.450,3.151,4.407,1081.192,0.356,19.604,1.849,0.70,137915.,29000
858,86.0,0.52,0.6773,0.1186,0.0914,1.394,3.031,4.118,1039.846,0.342,18.319,1.796,0.70,138285.,29000
859,91.0,0.55,0.6959,0.1101,0.0874,1.334,2.899,3.823,994.577,0.327,17.003,1.743,0.70,138676.,29000
860,96.1,0.58,0.7118,0.1014,0.0831,1.267,2.754,3.520,945.025,0.311,15.656,1.689,0.70,139088.,29000
861,101.2,0.61,0.7293,0.0925,0.0779,1.189,2.583,3.213,886.309,0.292,14.291,1.644,0.70,139521.,29000
862,106.2,0.64,0.7391,0.0834,0.0727,1.109,2.411,2.895,827.309,0.272,12.877,1.587,0.70,139975.,29000
863,111.3,0.68,0.7447,0.0739,0.0671,1.023,2.224,2.567,762.945,0.251,11.420,1.526,0.71,140450.,29000
864,116.3,0.71,0.7532,0.0644,0.0604,0.921,2.001,2.236,686.682,0.226,9.945,1.477,0.71,140945.,29000
865,121.4,0.74,0.7450,0.0545,0.0539,0.822,1.787,1.892,613.153,0.202,8.417,1.400,0.71,141460.,29000
866,126.5,0.77,0.7229,0.0444,0.0471,0.719,1.562,1.540,535.835,0.176,6.851,1.304,0.71,141995.,29000
867,131.5,0.80,0.6750,0.0339,0.0401,0.612,1.330,1.178,456.249,0.150,5.238,1.171,0.71,142549.,29000
868,136.6,0.83,0.5755,0.0230,0.0331,0.505,1.097,0.798,376.441,0.124,3.548,0.961,0.71,143123.,29000
869,141.6,0.86,0.3826,0.0116,0.0261,0.398,0.866,0.404,297.118,0.098,1.795,0.616,0.72,143717.,29000
870,146.7,0.89,-0.0006,0.0000,0.0190,0.289,0.629,0.000,215.674,0.071,-0.002,-0.001,0.72,144329.,29000
